Observation,Label,Transect ,Quadrat,N.DMS,W.DMS,Species.CODE,Depth.m,Geometric.Shape.s,Length.cm,Width.cm,Height.cm,Partial.mortality,SCTLD.mortality,SCTLD.Presence ,Bleached.Other.disease,Comments,,
1,SB-26/06/23-IT,7,1,13.191204,-59.641124,PCLI,0.6,2,26,13,NA,0,0,F,F,NA,,
2,SB-26/06/23-IT,7,1,13.191204,-59.641124,PCLI,0.6,2,6,7,NA,0,0,F,F,NA,,
3,SB-26/06/23-IT,7,1,13.191204,-59.641124,PCLI,0.6,2,13,8,NA,0,0,F,F,NA,,
4,SB-26/06/23-IT,7,1,13.191204,-59.641124,PCLI,0.6,2,43,20,NA,0,0,F,F,NA,,
5,SB-26/06/23-IT,7,1,13.191204,-59.641124,PCLI,0.6,2,11,15,NA,0,0,F,F,NA,,
6,SB-26/06/23-IT,7,1,13.191204,-59.641124,PCLI,0.6,2,32,10,NA,0,0,F,F,NA,,
7,SB-26/06/23-IT,7,1,13.191204,-59.641124,PCLI,0.6,2,84,46,NA,0,0,F,F,NA,,
8,SB-26/06/23-IT,7,1,13.191204,-59.641124,PCLI,0.6,2,10,11,NA,0,0,F,F,NA,,
9,SB-26/06/23-IT,7,1,13.191204,-59.641124,PCLI,0.6,2,18,14,NA,0,0,F,F,NA,,
10,SB-26/06/23-IT,7,1,13.191204,-59.641124,PCLI,0.6,2,17,17,NA,0,0,F,F,NA,,
11,SB-26/06/23-IT,7,1,13.191204,-59.641124,PCLI,0.6,2,66,21,NA,0,0,F,F,NA,,
12,SB-26/06/23-IT,7,1,13.191204,-59.641124,PCLI,0.6,2,152,55,NA,0.3,0,F,F,NA,,
13,SB-26/06/23-IT,7,1,13.191204,-59.641124,PCLI,0.6,2,21,13,NA,0,0,F,F,NA,,
14,SB-26/06/23-IT,7,1,13.191204,-59.641124,PCLI,0.6,2,43,20,NA,0,0,F,F,NA,,
15,SB-26/06/23-IT,7,1,13.191204,-59.641124,PCLI,0.6,2,13,12,NA,0,0,F,F,NA,,
16,SB-26/06/23-IT,7,1,13.191204,-59.641124,PCLI,0.6,2,23,13,NA,0,0,F,F,NA,,
17,SB-26/06/23-IT,7,1,13.191204,-59.641124,PCLI,0.6,1,112,78,45,0.4,0,F,F,NA,,
18,SB-26/06/23-IT,7,1,13.191204,-59.641124,PCLI,0.6,2,23,14,NA,0.8,0.8,T,F,NA,,
19,SB-26/06/23-IT,7,1,13.191204,-59.641124,PCLI,0.6,2,123,22,NA,0,0,F,F,NA,,
20,SB-26/06/23-IT,7,1,13.191204,-59.641124,PCLI,0.6,2,49,25,NA,0,0,F,F,NA,,
21,SB-26/06/23-IT,7,1,13.191204,-59.641124,PCLI,0.6,2,38,16,NA,0,0,F,P,NA,,
22,SB-26/06/23-IT,7,1,13.191204,-59.641124,PCLI,0.6,2,18,12,NA,0,0,F,P,NA,,
23,SB-26/06/23-IT,7,1,13.191204,-59.641124,PCLI,0.6,2,36,15,NA,0,0,F,F,NA,,
24,SB-26/06/23-IT,7,1,13.191204,-59.641124,PCLI,0.6,2,33,21,NA,0,0,F,F,NA,,
25,SB-26/06/23-IT,7,1,13.191204,-59.641124,PCLI,0.6,2,56,23,NA,0,0,F,F,NA,,
26,SB-26/06/23-IT,7,1,13.191204,-59.641124,PCLI,0.6,2,45,20,NA,0,0,F,P,Bright green spots,,
27,SB-26/06/23-IT,7,1,13.191204,-59.641124,PCLI,0.6,1,11,11,9,0,0,F,F,NA,,
28,SB-26/06/23-IT,7,1,13.191204,-59.641124,OANN,0.6,2,16,13,NA,0,0,F,F,NA,,
29,SB-26/06/23-IT,7,1,13.191204,-59.641124,OANN,0.6,2,5,5,NA,0,0,F,F,NA,,
30,SB-26/06/23-IT,7,2,13.191268,-59.641298,PCLI,0.6,1,128,78,69,0.6,0,F,F,NA,,
31,SB-26/06/23-IT,7,2,13.191268,-59.641298,PCLI,0.6,2,13,9,NA,0,0,F,F,NA,,
32,SB-26/06/23-IT,7,2,13.191268,-59.641298,PCLI,0.6,2,8,7,NA,0,0,F,F,NA,,
33,SB-26/06/23-IT,7,2,13.191268,-59.641298,PCLI,0.6,2,20,7,NA,0,0,F,F,NA,,
34,SB-26/06/23-IT,7,2,13.191268,-59.641298,PCLI,0.6,2,39,34,NA,0,0,F,F,NA,,
35,SB-26/06/23-IT,7,2,13.191268,-59.641298,PCLI,0.6,2,13,10,NA,0.7,0,F,F,"Unsure about SCTLD presence, see picture 6 from today's dive",,
36,SB-26/06/23-IT,7,2,13.191268,-59.641298,OANN,0.6,1,8,8,6,0,0,F,F,NA,,
37,SB-26/06/23-IT,7,2,13.191268,-59.641298,PCLI,0.6,1,12,14,10,0.1,0,F,F,NA,,
38,SB-26/06/23-PM,7,1,13.191204,-59.641124,PCLI,0.6,1,30,10,20,0.1,0,F,P,Predation (urchins),,
39,SB-26/06/23-PM,7,1,13.191204,-59.641124,PCLI,0.6,1,33,30,28,0.1,0.1,T,F,NA,,
40,SB-26/06/23-PM,7,1,13.191204,-59.641124,PCLI,0.6,1,20,10,25,0.2,0,F,P,Predation (urchins),,
41,SB-26/06/23-PM,7,1,13.191204,-59.641124,PCLI,0.6,1,20,30,35,0.2,0,F,P,Predation (urchins),,
42,SB-26/06/23-PM,7,1,13.191204,-59.641124,PCLI,0.6,3,35,15,15,0.4,0,F,P,Predation (urchins),,
43,SB-26/06/23-PM,7,1,13.191204,-59.641124,PCLI,0.6,1,18,53,35,0.2,0,F,F,NA,,
44,SB-26/06/23-PM,7,1,13.191204,-59.641124,PCLI,0.6,1,46,25,28,0.05,0,F,F,NA,,
45,SB-26/06/23-PM,7,1,13.191204,-59.641124,PCLI,0.6,1,35,28,41,0.1,0,F,F,NA,,
46,SB-26/06/23-PM,7,1,13.191204,-59.641124,PCLI,0.6,1,33,35,56,0.1,0,F,F,NA,,
47,SB-26/06/23-PM,7,1,13.191204,-59.641124,PCLI,0.6,1,25,10,20,0.2,0,F,F,NA,,
48,SB-26/06/23-PM,7,1,13.191204,-59.641124,PCLI,0.6,3,30,18,20,0.2,0,F,F,NA,,
49,SB-26/06/23-PM,7,1,13.191204,-59.641124,PCLI,0.6,3,23,20,23,0.15,0,F,P,Predation (urchins),,
50,SB-26/06/23-PM,7,1,13.191204,-59.641124,PCLI,0.6,1,33,30,20,0.4,0,F,F,NA,,
51,SB-26/06/23-PM,7,1,13.191204,-59.641124,PCLI,0.6,3,35,25,10,0.35,0,F,F,NA,,
52,SB-26/06/23-PM,7,1,13.191204,-59.641124,PCLI,0.6,3,33,10,20,0.2,0,F,F,NA,,
53,SB-26/06/23-PM,7,2,13.191268,-59.641298,PCLI,0.6,2,30,15,NA,0.15,0,F,PB,NA,,
54,SB-26/06/23-PM,7,2,13.191268,-59.641298,PCLI,0.6,1,28,15,20,0.5,0,F,F,NA,,
55,SB-26/06/23-PM,7,2,13.191268,-59.641298,PCLI,0.6,2,53,23,NA,0.6,0,F,F,NA,,
56,SB-26/06/23-PM,7,2,13.191268,-59.641298,PCLI,0.6,3,43,66,23,0.55,0,F,F,NA,,
57,SB-26/06/23-PM,7,2,13.191268,-59.641298,OANN,0.6,1,13,8,13,0.15,0.1,T,F,NA,,
58,SB-26/06/23-PM,7,2,13.191268,-59.641298,PCLI,0.6,2,5,5,NA,0,0,F,F,NA,,
59,SB-26/06/23-PM,7,2,13.191268,-59.641298,PSTR,0.6,1,5,10,13,0,0,F,F,NA,,
60,SB-26/06/23-PM,7,2,13.191268,-59.641298,PCLI,0.6,3,43,46,71,0.55,0,F,F,NA,,
61,SB-28/06/23-PM,6,1,13.190998,-59.640924,PCLI,0.3,2,8,6,NA,1,0,F,BL ,NA,,
62,SB-28/06/23-PM,6,1,13.190998,-59.640924,PSTR,0.3,1,28,12,19,0.4,0,F,PB,NA,,
63,SB-28/06/23-PM,6,1,13.190998,-59.640924,OANN,0.3,1,8,5,9,0.05,0,F,P ,NA,,
64,SB-28/06/23-PM,6,2,13.191044,-59.641096,AHUM,0.3,2,6,7,NA,0.1,0,F,F,NA,,
65,SB-28/06/23-PM,6,2,13.191044,-59.641096,PCLI,0.3,2,13,9,NA,0.4,0,F,F,NA,,
66,SB-28/06/23-PM,6,2,13.191044,-59.641096,PAST,0.3,3,23,14,5,0,0,F,F,NA,,
67,SB-28/06/23-PM,6,2,13.191044,-59.641096,AHUM,0.3,2,15,9,NA,0.15,0,F,P,NA,,
68,SB-28/06/23-PM,6,2,13.191044,-59.641096,CNAT,0.3,2,9,5,NA,0.85,0,F,PB,NA,,
69,SB-28/06/23-PM,6,2,13.191044,-59.641096,PAST,0.3,1,10,4,1,0.05,0,F,F,NA,,
70,SB-28/06/23-PM,6,2,13.191044,-59.641096,PCLI,0.3,2,13,9,NA,0.3,0,F,F,NA,,
71,SB-28/06/23-PM,6,2,13.191044,-59.641096,PCLI,0.3,2,56,20,NA,0.15,0,F,F,NA,,
72,SB-28/06/23-PM,6,2,13.191044,-59.641096,PCLI,0.3,3,19,9,8,0.1,0,F,F,NA,,
73,SB-28/06/23-PM,6,2,13.191044,-59.641096,PCLI,0.3,2,17,10,NA,0.05,0,F,F,NA,,
74,SB-28/06/23-PM,6,2,13.191044,-59.641096,PCLI,0.3,2,24,8,NA,0.05,0,F,F,NA,,
75,SB-28/06/23-PM,6,2,13.191044,-59.641096,PCLI,0.3,2,19,12,NA,0,0,F,F,NA,,
76,SB-28/06/23-PM,6,2,13.191044,-59.641096,PCLI,0.3,2,44,7,NA,0,0,F,F,NA,,
77,SB-28/06/23-PM,6,2,13.191044,-59.641096,PCLI,0.3,1,20,12,3,0,0,F,F,NA,,
78,SB-28/06/23-PM,6,2,13.191044,-59.641096,PCLI,0.3,3,20,14,2,0,0,F,F,NA,,
79,SB-28/06/23-PM,6,2,13.191044,-59.641096,PCLI,0.3,2,21,8,NA,0,0,F,F,NA,,
80,SB-28/06/23-PM,6,2,13.191044,-59.641096,PCLI,0.3,2,32,17,NA,0,0,F,F,NA,,
81,SB-28/06/23-PM,4,1,13.190748,-59.640956,PSTR,0.3,2,6,3,NA,0.05,0,F,P,NA,,
82,SB-28/06/23-PM,4,1,13.190748,-59.640956,PCLI,0.3,1,12,8,4,0,0,F,P,NA,,
83,SB-28/06/23-PM,4,1,13.190748,-59.640956,PSTR,0.3,2,6,4,NA,0.05,0,F,F,NA,,
84,SB-28/06/23-PM,4,1,13.190748,-59.640956,PCLI,0.3,2,18,15,NA,0.4,0.1,T,F,NA,,
85,SB-28/06/23-PM,4,1,13.190748,-59.640956,PCLI,0.3,2,14,10,NA,0,0,F,P,NA,,
86,SB-28/06/23-PM,4,1,13.190748,-59.640956,DLAB,0.3,2,12,11,NA,0,0,F,F,NA,,
87,SB-28/06/23-PM,4,1,13.190748,-59.640956,PCLI,0.3,2,7,5,NA,0,0,F,F,NA,,
88,SB-28/06/23-PM,4,2,13.19076,-59.641152,PCLI,0.3,2,12,6,NA,0,0,F,F,NA,,
89,SB-28/06/23-PM,4,2,13.19076,-59.641152,PCLI,0.3,2,10,2,NA,0,0,F,F,NA,,
90,SB-28/06/23-PM,4,2,13.19076,-59.641152,OANN,0.3,1,12,3,2,0.4,0,F,P,NA,,
91,SB-28/06/23-PM,4,2,13.19076,-59.641152,PSTR,0.3,1,12,6,2,0,0,F,P,NA,,
92,SB-28/06/23-PM,4,2,13.19076,-59.641152,PSTR,0.3,2,8,10,NA,0.2,0,F,P,NA,,
93,SB-28/06/23-PM,4,2,13.19076,-59.641152,DLAB,0.3,1,17,11,8,0.6,0.4,T,F,NA,,
94,SB-28/06/23-PM,4,2,13.19076,-59.641152,PCLI,0.3,2,20,11,NA,0,0,T,F,NA,,
95,SB-28/06/23-PM,4,2,13.19076,-59.641152,PCLI,0.3,2,11,9,NA,0,0,F,F,NA,,
96,SB-28/06/23-PM,4,2,13.19076,-59.641152,PCLI,0.3,2,12,7,NA,0,0,F,F,NA,,
97,SB-28/06/23-IT,6,1,13.190998,-59.640924,PCLI,1,2,12,8,NA,0.25,0,F,PB,Pic.3,,
98,SB-28/06/23-IT,6,1,13.190998,-59.640924,PCLI,1,1,24,17,11,0.4,0.4,T,F,Pic.5,,
99,SB-28/06/23-IT,6,1,13.190998,-59.640924,PCLI,1,1,24,18,8,0.1,0,F,F,NA,,
100,SB-28/06/23-IT,6,1,13.190998,-59.640924,PCLI,1,2,7,6,NA,0,0,F,F,NA,,
101,SB-28/06/23-IT,6,2,13.191044,-59.641096,PCLI,1.2,2,32,10,NA,0.4,0.1,T,F,NA,,
102,SB-28/06/23-IT,6,2,13.191044,-59.641096,DLAB,1.2,2,17,11,NA,0.2,0,F,F,"Pic.9 Confirm ID. Wide ridges, maybe DLAB. Same colony 2 lines",,
102,SB-28/06/23-IT,6,2,13.191044,-59.641096,DLAB,1.2,1,11,14,6,0,0,F,F,NA,,
103,SB-28/06/23-IT,6,2,13.191044,-59.641096,PCLI,1.2,1,36,39,36,0.1,0,F,"P, ",Same colony 4 lines,,
103,SB-28/06/23-IT,6,2,13.191044,-59.641096,PCLI,1.2,1,38,27,30,0.3,0,F,PB,NA,,
103,SB-28/06/23-IT,6,2,13.191044,-59.641096,PCLI,1.2,2,33,20,NA,0.05,0,F,NA,NA,,
103,SB-28/06/23-IT,6,2,13.191044,-59.641096,PCLI,1.2,1,13,13,12,0.15,0,F,NA,NA,,
104,SB-28/06/23-IT,6,2,13.191044,-59.641096,PCLI,1.2,1,61,37,29,0.25,0,F,PB,NA,,
105,SB-28/06/23-IT,6,2,13.191044,-59.641096,PSTR,1.2,1,83,27,31,0,0,F,NA,Pic.11 Confirm ID. Same colony 2 lines,,
105,SB-28/06/23-IT,6,2,13.191044,-59.641096,PSTR,1.2,2,29,19,NA,0,0,F,P,NA,,
106,SB-28/06/23-IT,6,2,13.191044,-59.641096,PSTR,1.2,2,47,24,NA,0,0,F,P,Pic.11 Confirm ID ,,
107,SB-28/06/23-IT,6,2,13.191044,-59.641096,PCLI,1.2,2,21,16,NA,0,0,F,F,NA,,
108,SB-28/06/23-IT,4,1,13.190748,-59.640956,PCLI,1,1,11,12,6,0,0,F,F,Pic.15 and Pic.22 invasive plant? ,,
109,SB-28/06/23-IT,4,1,13.190748,-59.640956,PCLI,1,1,12,9,4,0,0,F,F,"Pic.18 what is this? Don't think it’s a coral, not measured. ",,
110,SB-28/06/23-IT,4,1,13.190748,-59.640956,PCLI,1,2,6,3,NA,0,0,F,F,NA,,
111,SB-28/06/23-IT,4,2,13.19076,-59.641152,PCLI,1,2,9,6,NA,0,0,F,PB,NA,,
112,SB-28/06/23-IT,4,2,13.19076,-59.641152,PCLI,1,1,23,10,6,0,0,F,PB,NA,,
113,SB-28/06/23-IT,4,2,13.19076,-59.641152,PCLI,1,2,6,3,NA,0,0,F,PB,NA,,
114,SB-28/06/23-IT,4,2,13.19076,-59.641152,PCLI,1,2,15,12,NA,0,0,F,PB,NA,,
115,SB-28/06/23-IT,4,2,13.19076,-59.641152,PCLI,1,2,5,4,NA,0,0,F,PB,NA,,
116,SB-28/06/23-IT,4,2,13.19076,-59.641152,PCLI,1,2,7,5,NA,0,0,F,F,NA,,
117,SB-30/06/23-PM,5,1,NA,NA,PCLI,0.3,1,36,13,38,0.4,0.1,T,F,NA,,
118,SB-30/06/23-PM,5,1,NA,NA,PCLI,0.3,1,28,17,27,0.3,0.1,T,F,NA,,
119,SB-30/06/23-PM,5,1,NA,NA,PAST,0.3,2,5,3,NA,0.15,0,F,P ,NA,,
120,SB-30/06/23-PM,5,1,NA,NA,PCLI,0.3,2,9,5,NA,0.1,0.1,T,F,NA,,
121,SB-30/06/23-PM,5,1,NA,NA,PAST,0.3,2,12,7,NA,0,0,F,P ,NA,,
122,SB-30/06/23-PM,5,1,NA,NA,PCLI,0.3,2,13,6,NA,0.3,0,F,P,NA,,
123,SB-30/06/23-PM,5,1,NA,NA,PAST,0.3,2,7,3,NA,0,0,F,F,NA,,
124,SB-30/06/23-PM,5,2,NA,NA,SBOU,1,2,14,4,NA,1,0,F,BL,NA,,
125,SB-30/06/23-PM,5,2,NA,NA,AHUM,1,1,6,3,1,1,0,F,BL,NA,,
126,SB-30/06/23-PM,5,2,NA,NA,AHUM,1,1,5,3,1,0.5,0,F,BL,NA,,
127,SB-30/06/23-PM,5,2,NA,NA,AHUM,1,2,6,3,NA,0,0,F,F,NA,,
128,SB-30/06/23-PM,5,2,NA,NA,SBOU,1,2,6,5,NA,1,0,F,BL,Why record if all dead for a long time ?,,I thought we wanted a few dead... but go ahead and erase it
129,SB-30/06/23-PM,5,2,NA,NA,DLAB,1,2,9,5,NA,0,0,F,P ,NA,,
130,SB-30/06/23-PM,5,2,NA,NA,PCLI,1,3,8,8,15,0.4,0.05,T,F,NA,,
131,SB-30/06/23-PM,5,2,NA,NA,PCLI,1,1,9,8,14,0.3,0.1,T,F,NA,,
132,SB-30/06/23-PM,5,2,NA,NA,PCLI,1,1,30,7,23,0.5,0.2,T,F,NA,,
133,SB-30/06/23-IT,5,1,NA,NA,PCLI,0.7,1,89,79,54,0.3,0,F,F,NA,,
134,SB-30/06/23-IT,5,1,NA,NA,PCLI,0.7,1,13,11,15,0.15,0,F,P,Same colony 4 lines,,
134,SB-30/06/23-IT,5,1,NA,NA,PCLI,0.7,2,48,29,NA,0.15,0.05,T,NA,NA,,
134,SB-30/06/23-IT,5,1,NA,NA,PCLI,0.7,2,61,28,NA,0.05,0,F,NA,NA,,
134,SB-30/06/23-IT,5,1,NA,NA,PCLI,0.7,1,64,44,40,0.05,0,F,NA,NA,,
135,SB-30/06/23-IT,5,1,NA,NA,PCLI,0.9,2,7,8,NA,0,0,F,F,NA,,
136,SB-30/06/23-IT,5,2,NA,NA,PCLI,1.1,2,13,8,NA,0.02,0,F,F,NA,,
137,SB-30/06/23-IT,5,2,NA,NA,PCLI,0.7,1,68,67,42,0.75,0.2,T,PB,Pic.1,,
138,SB-30/06/23-IT,5,2,NA,NA,PCLI,1.1,2,7,5,NA,0,0,F,P,NA,,
139,SB-30/06/23-IT,5,2,NA,NA,PCLI,1.1,2,6,6,NA,0,0,F,P,NA,,
140,SB-30/06/23-IT,5,2,NA,NA,PCLI,1.1,2,4,4,NA,0,0,F,P,NA,,
141,SB-30/06/23-IT,5,2,NA,NA,PCLI,0.7,1,25,28,21,0.5,0,F,P,NA,,
142,SB-30/06/23-IT,5,2,NA,NA,PCLI,1,1,24,23,25,0.2,0,F,PB,Same colony 2 lines,,
142,SB-30/06/23-IT,5,2,NA,NA,PCLI,1,1,20,20,19,0.5,0.35,T,NA,NA,,
143,SB-30/06/23-IT,5,2,NA,NA,CNAT,1.1,2,7,6,NA,0,0,F,PB,Pic.4 Confirm ID,,
144,SB-03/07/23-IT,7,6,NA,NA,SSID,4.3,1,40,18,13,0.75,0.1,T,F,NA,,
145,SB-03/07/23-IT,7,6,NA,NA,PCLI,4,1,5,5,2,0,0,F,PB,NA,,
146,SB-03/07/23-IT,7,6,NA,NA,PSTR,4,1,12,11,19,0,0,F,F,NA,,
147,SB-03/07/23-IT,7,6,NA,NA,SSID,4.4,1,20,14,8,0,0,F,F,NA,,
148,SB-03/07/23-IT,7,6,NA,NA,MMEA,4,1,8,7,2,0,0,F,PB,Pic.3 Confirm ID,,
149,SB-03/07/23-IT,7,6,NA,NA,CNAT,4.2,1,17,19,8,0,0,F,F,Pic.4 Confirm ID ,,
150,SB-03/07/23-IT,7,6,NA,NA,SSID,4,1,78,65,40,0.9,0.05,T,P,NA,,
151,SB-03/07/23-IT,7,6,NA,NA,PSTR,4,1,13,11,6,0,0,F,P,Pic.5,,
152,SB-03/07/23-IT,7,6,NA,NA,PCLI,4,2,10,7,NA,0,0,F,P,Pic.5,,
153,SB-03/07/23-IT,7,6,NA,NA,PCLI,4,2,6,8,NA,0.75,0.1,T,F,NA,,
154,SB-03/07/23-IT,7,6,NA,NA,PSTR,4.4,1,23,18,10,1,0.8,T,F,NA,,
155,SB-03/07/23-IT,7,6,NA,NA,AAGA,4.4,2,20,15,NA,0,0,F,F,NA,,
156,SB-03/07/23-IT,7,6,NA,NA,PCLI,2.6,2,33,7,NA,0,0,F,P,NA,,
157,SB-03/07/23-IT,7,6,NA,NA,OFRA,3,1,27,21,11,0.05,0,F,P,NA,,
158,SB-03/07/23-IT,7,6,NA,NA,OFAV,2.2,1,21,14,18,0,0,F,F,NA,,
159,SB-03/07/23-IT,7,6,NA,NA,OFAV,2.2,1,47,41,27,0.3,0,F,F,NA,,
160,SB-03/07/23-IT,7,6,NA,NA,OFAV,2.7,2,10,6,NA,0,0,F,F,NA,,
161,SB-03/07/23-IT,7,6,NA,NA,OFAV,2.7,1,108,69,14,0.15,0,F,F,NA,,
162,SB-03/07/23-IT,7,6,NA,NA,OFAV,3,1,31,27,24,0.1,0,F,F,Same colony 2 lines,,
162,SB-03/07/23-IT,7,6,NA,NA,OFAV,3,1,36,14,21,0.1,0,F,NA,NA,,
163,SB-03/07/23-IT,7,6,NA,NA,OFAV,3,1,286,58,57,0.1,0,F,F ,Same colony 2 lines,,
163,SB-03/07/23-IT,7,6,NA,NA,OFAV,3,1,49,43,36,0,0,F,NA,NA,,
164,SB-03/07/23-IT,7,6,NA,NA,SSID,3.1,1,63,50,31,15,0,F,F,Same colony 3 lines,,
164,SB-03/07/23-IT,7,6,NA,NA,SSID,3.1,2,25,17,NA,0.5,0,F,NA,NA,,
164,SB-03/07/23-IT,7,6,NA,NA,SSID,3.1,1,23,23,10,0.1,0.05,T,NA,NA,,
165,SB-03/07/23-IT,7,6,NA,NA,SSID,3.6,1,52,36,18,0.2,0,F,F,Same colony 5 lines,,
165,SB-03/07/23-IT,7,6,NA,NA,SSID,3.6,2,36,27,NA,0,0,F,NA,NA,,
165,SB-03/07/23-IT,7,6,NA,NA,SSID,3.6,2,32,37,NA,0.1,0,F,NA,NA,,
165,SB-03/07/23-IT,7,6,NA,NA,SSID,3.6,1,45,47,15,0.1,0,F,NA,NA,,
165,SB-03/07/23-IT,7,6,NA,NA,SSID,3.6,1,20,25,15,0.6,0.05,T,NA,NA,,
166,SB-03/07/23-IT,7,5,NA,NA,OFRA,4.4,1,18,11,4,0,0,F,F,NA,,
167,SB-03/07/23-IT,7,5,NA,NA,PCLI,4.4,1,17,17,7,0,0,F,PB,NA,,
168,SB-03/07/23-IT,7,5,NA,NA,OANN,3.3,1,54,30,76,0.2,0,F,P,NA,,
169,SB-03/07/23-IT,7,5,NA,NA,OANN,4.4,1,25,20,15,0.2,0,F,F,NA,,
170,SB-03/07/23-IT,7,5,NA,NA,OANN,4.4,1,15,10,8,0.1,0,F,F,NA,,
171,SB-03/07/23-IT,7,5,NA,NA,AAGA,4.4,2,20,40,NA,0,0,F,F,NA,,
172,SB-03/07/23-IT,7,5,NA,NA,OANN,3,1,102,118,41,0.2,0.05,T,F,Pic.13,,
173,SB-03/07/23-IT,7,5,NA,NA,OFRA,3.4,1,10,9,13,0,0,F,PB,NA,,
174,SB-03/07/23-IT,7,5,NA,NA,SBOU,5,1,9,7,6,0,0,F,F,NA,,
175,SB-03/07/23-IT,7,5,NA,NA,PSTR,5,2,14,11,NA,0,0,F,F,NA,,
176,SB-03/07/23-IT,7,5,NA,NA,OFRA,5,2,8,5,NA,0,0,F,F,NA,,
177,SB-03/07/23-IT,7,5,NA,NA,AAGA,5,2,50,60,NA,0.2,0,F,F,NA,,
178,SB-03/07/23-IT,7,5,NA,NA,OFAV,3.6,1,83,41,65,0.4,0.1,T,F,NA,,
179,SB-03/07/23-IT,7,5,NA,NA,OFAV,3.6,1,152,97,170,0.4,0.1,T,F,NA,,
180,SB-03/07/23-IT,7,5,NA,NA,OANN,3.2,1,11,12,18,0.2,0.1,T,F,NA,,
181,SB-03/07/23-IT,7,5,NA,NA,OANN,3.2,1,15,20,29,0.05,0.05,T,F,NA,,
182,SB-03/07/23-IT,7,5,NA,NA,OANN,3.2,1,29,22,16,0.4,0.05,T,F,NA,,
183,SB-03/07/23-IT,7,5,NA,NA,OANN,3.2,1,15,14,29,0.2,0,F,F,NA,,
184,SB-03/07/23-PM,7,6,NA,NA,PSTR,4.3,2,5,4,NA,0,0,F,F,NA,,
185,SB-03/07/23-PM,7,6,NA,NA,PCLI,4.3,1,8,5,2,0,0,F,F,NA,,
186,SB-03/07/23-PM,7,6,NA,NA,PCLI,4.3,2,7,9,NA,0,0,F,F,NA,,
187,SB-03/07/23-PM,7,6,NA,NA,CNAT,4.3,1,2,4,10,0.1,0.1,T,F,NA,,
188,SB-03/07/23-PM,7,6,NA,NA,PSTR,4.3,1,9,6,2,1,1,T,F,NA,,
189,SB-03/07/23-PM,7,6,NA,NA,CNAT,4.3,2,8,6,NA,0.1,0.1,T,F,NA,,
190,SB-03/07/23-PM,7,6,NA,NA,CNAT,4.3,2,9,6,NA,0.2,0,F,P,NA,,
191,SB-03/07/23-PM,7,6,NA,NA,OANN,4.3,1,12,5,11,0,0,F,P,NA,,
192,SB-03/07/23-PM,7,6,NA,NA,PSTR,4.3,2,7,6,NA,0.3,0.3,T,F,NA,,
193,SB-03/07/23-PM,7,6,NA,NA,SSID,4.3,1,12,8,36,0.8,0,F,F,NA,,
194,SB-03/07/23-PM,7,6,NA,NA,SSID,4.3,1,14,8,7,0.7,0,F,F,NA,,
195,SB-03/07/23-PM,7,6,NA,NA,SSID,4.3,1,12,11,7,0,0,F,P,NA,,
196,SB-03/07/23-PM,7,6,NA,NA,PCLI,4.3,2,20,14,NA,0.3,0.3,T,F,NA,,
197,SB-03/07/23-PM,7,6,NA,NA,OANN,4.3,1,8,5,5,0.4,0.4,T,F,NA,,
198,SB-03/07/23-PM,7,6,NA,NA,OANN,4.3,1,9,7,8,0.2,0.2,T,F,NA,,
199,SB-03/07/23-PM,7,6,NA,NA,OANN,4.3,1,8,5,3,0,0,F,P,NA,,
200,SB-03/07/23-PM,7,6,NA,NA,PCLI,4.3,2,12,10,NA,0.5,0.2,T,F,NA,,
201,SB-03/07/23-PM,7,6,NA,NA,PSTR,4.3,1,31,28,24,0.1,0,F,F,NA,,
202,SB-03/07/23-PM,7,6,NA,NA,SSID,4.3,2,19,23,NA,0,0,F,F,NA,,
203,SB-03/07/23-PM,7,6,NA,NA,DLAB,4.3,2,21,12,NA,0,0,F,F,NA,,
204,SB-03/07/23-PM,7,6,NA,NA,OFRA,4.3,1,152,109,112,0.6,0.6,T,F,monitor,,
205,SB-03/07/23-PM,7,6,NA,NA,OANN,4.3,1,26,28,28,0.4,0,F,F,NA,,
206,SB-03/07/23-PM,7,6,NA,NA,OANN,4.3,1,54,78,37,0,0,F,F,NA,,
207,SB-03/07/23-PM,7,6,NA,NA,SSID,3.3,1,152,186,150,0.4,0,F,F,monitor,,
208,SB-03/07/23-PM,7,6,NA,NA,PSTR,3.6,1,11,16,16,0,0,F,P,NA,,
209,SB-03/07/23-PM,7,6,NA,NA,OANN,3,1,9,2,8,0,0,F,F,NA,,
210,SB-03/07/23-PM,7,6,NA,NA,OANN,3.5,1,8,2,11,0.1,0.1,T,F,NA,,
211,SB-03/07/23-PM,7,5,NA,NA,PCLI,4.3,2,15,18,NA,0.05,0,F,F,NA,,
212,SB-03/07/23-PM,7,5,NA,NA,PCLI,4,1,13,7,9,0.05,0.05,T,F,NA,,
213,SB-03/07/23-PM,7,5,NA,NA,PCLI,3,1,20,13,2,0.1,0,F,P,NA,,
214,SB-03/07/23-PM,7,5,NA,NA,OANN,3.3,1,12,24,25,0,0,F,F,NA,,
215,SB-03/07/23-PM,7,5,NA,NA,OANN,3.3,1,29,27,36,0.4,0.1,T,F,monitor,,
216,SB-03/07/23-PM,7,5,NA,NA,OANN,3.3,1,16,14,33,0.3,0,F,F,NA,,
217,SB-03/07/23-PM,7,5,NA,NA,OANN,3.6,1,17,7,24,0.1,0,F,F,NA,,
218,SB-03/07/23-PM,7,5,NA,NA,OANN,3.6,2,7,11,NA,0.1,0.1,T,F,NA,,
219,SB-03/07/23-PM,7,5,NA,NA,OANN,3.6,2,14,11,NA,0.1,0.1,T,F,NA,,
220,SB-03/07/23-PM,7,5,NA,NA,PCLI,4,2,26,14,NA,0.1,0,F,P,NA,,
221,SB-03/07/23-PM,7,5,NA,NA,DLAB,3.6,1,7,6,3,0,0,F,F,NA,,
222,SB-03/07/23-PM,7,5,NA,NA,OFRA,2.7,1,160,43,152,0.5,0.2,T,F,NA,,
223,SB-03/07/23-PM,7,5,NA,NA,DLAB,3,1,13,10,11,0.3,0,F,F,NA,,
224,SB-03/07/23-PM,7,5,NA,NA,CNAT,3,1,23,20,35,0,0,F,F,NA,,
225,SB-03/07/23-PM,7,5,NA,NA,PCLI,3,2,15,13,NA,0.5,0.3,T,F,Predation,,
226,SB-03/07/23-PM,7,5,NA,NA,OANN,2.7,1,30,41,107,0.6,0.2,T,F,NA,,
227,SB-03/07/23-PM,7,5,NA,NA,OANN,2.7,1,46,16,42,0.4,0.1,T,F,NA,,
228,SB-03/07/23-PM,7,5,NA,NA,OANN,2.7,1,74,34,29,0.6,0.2,T,F,NA,,
229,SB-03/07/23-PM,7,5,NA,NA,OANN,2.7,1,34,16,25,0.6,0.1,T,F,NA,,
230,SB-03/07/23-PM,7,5,NA,NA,SSID,4,1,122,78,22,0.1,0.1,T,F,NA,,
231,SB-05/07/23-IT,7,5,NA,NA,OFRA,3.2,1,24,19,10,0.3,0.1,T,F,NA,,
232,SB-05/07/23-IT,7,5,NA,NA,OFRA,3.2,1,19,9,8,0.2,0.1,T,F,NA,,
233,SB-05/07/23-IT,7,5,NA,NA,PCLI,2.7,1,47,28,38,0.5,0.1,T,F,NA,,
234,SB-05/07/23-IT,7,5,NA,NA,OANN,2,1,78,79,69,0.08,0,F,F,NA,,
235,SB-05/07/23-IT,7,5,NA,NA,OANN,2.2,1,6,5,5,0.05,0.05,T,F,NA,,
236,SB-05/07/23-IT,7,5,NA,NA,DLAB,2.7,1,9,7,6,0,0,F,F,NA,,
237,SB-05/07/23-IT,7,5,NA,NA,SSID,2.9,1,18,18,17,0.4,0,F,F,NA,,
238,SB-05/07/23-IT,7,5,NA,NA,MMEA,2.9,1,11,9,3,0,0,F,F,NA,,
239,SB-05/07/23-IT,7,5,NA,NA,OANN,2.2,1,126,59,53,0.6,0.02,T,F,Same colony 2 lines,,
239,SB-05/07/23-IT,7,5,NA,NA,OANN,2.2,1,133,59,212,0.9,0.01,T,NA,NA,,
240,SB-05/07/23-IT,7,4,NA,NA,OANN,3,1,46,133,41,0.5,0.05,T,F,NA,,
241,SB-05/07/23-IT,7,4,NA,NA,OANN,3.2,1,55,32,19,0.8,0,F,F,NA,,
242,SB-05/07/23-IT,7,4,NA,NA,SBOU,3.2,1,8,5,6,0,0,F,F,NA,,
243,SB-05/07/23-IT,7,4,NA,NA,MMEA,3.2,2,6,6,NA,0,0,F,F,NA,,
244,SB-05/07/23-IT,7,4,NA,NA,OFRA,3.2,1,25,19,10,0.4,0,F,F,NA,,
245,SB-05/07/23-IT,7,4,NA,NA,OFRA,2.7,1,199,76,93,0.3,0.02,T,F,NA,,
246,SB-05/07/23-IT,7,4,NA,NA,OANN,2.7,1,72,31,60,0.4,0,F,F,Same colony 2 lines,,
246,SB-05/07/23-IT,7,4,NA,NA,OANN,2.7,1,39,57,33,0.1,0,F,NA,NA,,
247,SB-05/07/23-IT,7,4,NA,NA,OFRA,2.7,1,235,82,71,0.25,0.01,T,F,NA,,
248,SB-05/07/23-IT,7,4,NA,NA,OANN,3.2,1,46,52,41,0.95,0,F,F,NA,,
249,SB-05/07/23-IT,7,4,NA,NA,SSID,3.2,1,10,10,2,0,0,F,F,NA,,
250,SB-05/07/23-IT,7,4,NA,NA,OANN,2.4,1,82,21,65,0.6,0.05,T,F,NA,,
251,SB-05/07/23-IT,7,4,NA,NA,OANN,2.4,1,47,23,30,0.2,0.05,T,F,NA,,
252,SB-05/07/23-IT,7,4,NA,NA,MMEA,3,1,7,5,1,0,0,F,F,NA,,
253,SB-05/07/23-IT,7,4,NA,NA,OANN,3,1,55,40,68,0.8,0.02,T,F,NA,,
254,SB-05/07/23-IT,7,4,NA,NA,PCLI,3,2,5,5,NA,0,0,F,F,NA,,
255,SB-05/07/23-IT,7,4,NA,NA,PAST,3,2,5,7,NA,0,0,F,F,NA,,
256,SB-05/07/23-IT,7,4,NA,NA,PAST,3,2,4,2,NA,0,0,F,F,NA,,
257,SB-05/07/23-IT,7,4,NA,NA,PAST,3,2,7,9,NA,0,0,F,F,NA,,
258,SB-05/07/23-IT,7,4,NA,NA,PAST,3,2,5,5,NA,0,0,F,F,NA,,
259,SB-05/07/23-IT,7,4,NA,NA,PAST,3,1,5,7,3,0,0,F,F,NA,,
260,SB-05/07/23-IT,7,4,NA,NA,PAST,3,1,7,6,2,0,0,F,F,NA,,
261,SB-05/07/23-IT,7,4,NA,NA,PAST,3,1,10,10,4,0,0,F,F,NA,,
262,SB-05/07/23-IT,7,4,NA,NA,PAST,3,2,3,4,NA,0,0,F,F,NA,,
263,SB-05/07/23-IT,7,4,NA,NA,PAST,3,2,5,5,NA,0,0,F,F,NA,,
264,SB-05/07/23-IT,7,4,NA,NA,PAST,3,1,4,4,4,0,0,F,F,NA,,
265,SB-05/07/23-IT,7,4,NA,NA,PAST,3,2,15,10,NA,0,0,F,F,NA,,
266,SB-05/07/23-IT,7,4,NA,NA,PAST,3,2,8,8,NA,0,0,F,F,NA,,
267,SB-05/07/23-IT,7,4,NA,NA,PAST,3,2,11,8,NA,0,0,F,F,Not finished PAST and AHUM in subQ1. Use 3 last obs as ref for PAST. Still need to do subQ4 and subQ3. ,,
268,SB-05/07/23-PM,7,4,NA,NA,PSTR,1.8,2,7,8,NA,0,0,F,F,NA,,
269,SB-05/07/23-PM,7,4,NA,NA,OANN,1.8,1,172,152,90,0.5,0.1,T,F,Predation,,
270,SB-05/07/23-PM,7,4,NA,NA,OANN,2.4,1,66,49,44,0.3,0.1,T,F,Predation,,
271,SB-05/07/23-PM,7,4,NA,NA,OANN,2.4,1,33,62,39,0.05,0.05,T,F,Predation,,
272,SB-05/07/23-PM,7,4,NA,NA,PSTR,3.3,2,8,9,NA,0,0,F,P,NA,,
273,SB-05/07/23-PM,7,4,NA,NA,OANN,3,1,26,51,29,0.2,0.1,T,F,NA,,
274,SB-05/07/23-PM,7,4,NA,NA,OFRA,2.1,1,217,152,144,0.3,0.1,T,F,Predation,,
275,SB-05/07/23-PM,7,4,NA,NA,CNAT,3.3,2,8,6,NA,0,0,F,P,subquad 4 still tbd,,
276,SB-07/07/23-IT,7,4,NA,NA,PAST,2.4,2,8,7,NA,0.3,0,F,F,NA,,
277,SB-07/07/23-IT,7,4,NA,NA,PAST,2.4,1,5,11,1,0,0,F,P,NA,,
278,SB-07/07/23-IT,7,4,NA,NA,PAST,2.4,1,4,7,1,0,0,F,P,NA,,
279,SB-07/07/23-IT,7,4,NA,NA,PAST,2.4,2,7,5,NA,0,0,F,F,NA,,
280,SB-07/07/23-IT,7,4,NA,NA,PAST,2.4,2,6,6,NA,0,0,F,P,NA,,
281,SB-07/07/23-IT,7,4,NA,NA,PAST,2.4,1,10,15,4,0,0,F,F,NA,,
282,SB-07/07/23-IT,7,4,NA,NA,PAST,2.4,1,8,10,5,0,0,F,P,NA,,
283,SB-07/07/23-IT,7,4,NA,NA,PAST,2.4,1,6,8,4,0.02,0,F,F,NA,,
284,SB-07/07/23-IT,7,4,NA,NA,PAST,2.4,2,7,8,NA,0.05,0,F,F,NA,,
285,SB-07/07/23-IT,7,4,NA,NA,PAST,2.4,1,16,12,7,0,0,F,F,NA,,
286,SB-07/07/23-IT,7,4,NA,NA,PAST,2.4,2,3,9,NA,0,0,F,F,NA,,
287,SB-07/07/23-IT,7,4,NA,NA,PAST,2.4,1,11,9,2,0.05,0,F,F,NA,,
288,SB-07/07/23-IT,7,4,NA,NA,PAST,2.4,2,5,4,NA,0,0,F,F,NA,,
289,SB-07/07/23-IT,7,4,NA,NA,PAST,2.4,1,13,17,7,0.05,0,F,P,NA,,
290,SB-07/07/23-IT,7,4,NA,NA,PAST,2.4,1,11,12,9,0.5,0,F,F,NA,,
291,SB-07/07/23-IT,7,4,NA,NA,PAST,2.4,2,7,5,NA,0,0,F,F,NA,,
292,SB-07/07/23-IT,7,4,NA,NA,PAST,2.4,1,6,6,1,0,0,F,F,NA,,
293,SB-07/07/23-IT,7,4,NA,NA,PAST,2.4,1,6,6,7,0,0,F,F,NA,,
294,SB-07/07/23-IT,7,4,NA,NA,PAST,2.4,1,12,8,7,0.5,0,F,P,NA,,
295,SB-07/07/23-IT,7,4,NA,NA,PAST,2.4,1,17,11,12,0.15,0,F,F,NA,,
296,SB-07/07/23-IT,7,4,NA,NA,PAST,2.4,1,12,10,10,0,0,F,P,NA,,
297,SB-07/07/23-IT,7,4,NA,NA,PAST,2.4,2,6,4,NA,0,0,F,F,NA,,
298,SB-07/07/23-IT,7,4,NA,NA,PAST,2.4,2,8,7,NA,0,0,F,F,NA,,
299,SB-07/07/23-IT,7,4,NA,NA,PAST,2.4,2,9,7,NA,0,0,F,P,NA,,
300,SB-07/07/23-IT,7,4,NA,NA,AHUM,2.4,1,11,11,4,0.25,0,F,P,NA,,
301,SB-07/07/23-IT,7,4,NA,NA,AHUM,2.4,1,9,9,4,0,0,F,P,NA,,
302,SB-07/07/23-IT,7,4,NA,NA,AHUM,2.4,1,7,5,3,0,0,F,P,NA,,
303,SB-07/07/23-IT,7,4,NA,NA,AHUM,2.4,1,10,12,4,0,0,F,F,NA,,
304,SB-07/07/23-IT,7,4,NA,NA,AHUM,2.4,1,10,10,13,0.4,0,F,F,NA,,
305,SB-07/07/23-IT,7,4,NA,NA,AHUM,2.4,1,16,12,11,0.75,0,F,F,NA,,
306,SB-07/07/23-IT,7,4,NA,NA,AHUM,2.4,1,14,9,6,0.25,0,F,F,NA,,
307,SB-07/07/23-IT,7,4,NA,NA,AHUM,2.4,1,5,5,5,0.25,0,F,F,NA,,
308,SB-07/07/23-IT,7,4,NA,NA,AHUM,2.4,1,10,5,5,0.6,0,F,F,NA,,
309,SB-07/07/23-IT,7,4,NA,NA,AHUM,2.4,1,11,11,8,0.75,0,F,F,NA,,
310,SB-07/07/23-IT,7,4,NA,NA,AHUM,2.4,1,6,7,4,0.75,0,F,F,NA,,
311,SB-07/07/23-IT,7,4,NA,NA,AHUM,2.4,1,8,7,4,0,0,F,F,NA,,
312,SB-07/07/23-IT,7,4,NA,NA,AHUM,2.4,1,9,5,1,0,0,F,F,NA,,
313,SB-07/07/23-IT,7,4,NA,NA,AHUM,2.4,1,16,11,12,0.9,0,F,F,NA,,
314,SB-07/07/23-IT,7,4,NA,NA,AHUM,2.4,1,7,4,4,0,0,F,F,NA,,
315,SB-07/07/23-IT,7,4,NA,NA,AHUM,2.4,1,9,7,6,0.25,0,F,F,NA,,
316,SB-07/07/23-IT,7,4,NA,NA,AHUM,2.4,1,8,7,5,0,0,F,F,NA,,
317,SB-07/07/23-IT,7,4,NA,NA,AHUM,2.4,1,12,8,9,0.6,0,F,F,NA,,
318,SB-07/07/23-IT,7,4,NA,NA,AHUM,2.4,1,19,11,3,0.3,0,F,F,NA,,
319,SB-07/07/23-IT,7,4,NA,NA,AHUM,2.4,1,26,10,11,0.5,0,F,F,NA,,
320,SB-07/07/23-IT,7,4,NA,NA,AHUM,2.4,2,15,7,NA,0,0,F,F,NA,,
321,SB-07/07/23-IT,7,4,NA,NA,AHUM,2.4,1,12,8,6,0.4,0,F,F,NA,,
322,SB-07/07/23-IT,7,4,NA,NA,AHUM,2.4,1,9,4,3,0,0,F,F,NA,,
323,SB-07/07/23-IT,7,4,NA,NA,AHUM,2.4,1,4,4,3,0,0,F,F,NA,,
324,SB-07/07/23-IT,7,4,NA,NA,AHUM,2.4,1,4,3,5,0.3,0,F,F,NA,,
325,SB-07/07/23-IT,7,4,NA,NA,OANN,2.4,3,27,16,78,0.9,0.02,T,F,NA,,
326,SB-07/07/23-IT,7,4,NA,NA,OFRA,3,1,14,10,7,0.4,0,F,F,NA,,
327,SB-07/07/23-IT,7,4,NA,NA,OANN,3,3,22,12,50,0.8,0,F,F,NA,,
328,SB-07/07/23-IT,7,4,NA,NA,SSID,3,2,3,2,NA,0,0,F,F,NA,,
329,SB-07/07/23-IT,7,4,NA,NA,SSID,3,2,4,4,NA,0,0,F,F,NA,,
330,SB-07/07/23-IT,7,4,NA,NA,SSID,3,2,3,2,NA,0,0,F,F,NA,,
331,SB-07/07/23-IT,7,4,NA,NA,MMEA,3,1,20,19,12,0.15,0,F,P,Pic.1 Paule might have it. Confirm ID,,
332,SB-07/07/23-IT,7,3,NA,NA,PAST,3.5,1,4,3,3,0,0,F,F,NA,,
333,SB-07/07/23-IT,7,3,NA,NA,PAST,3.5,1,12,6,1,0,0,F,F,NA,,
334,SB-07/07/23-IT,7,3,NA,NA,PAST,3.5,2,6,5,NA,0,0,F,F,NA,,
335,SB-07/07/23-IT,7,3,NA,NA,PAST,3.5,1,10,5,3,0,0,F,F,NA,,
336,SB-07/07/23-IT,7,3,NA,NA,PAST,3.5,2,6,4,NA,0,0,F,F,NA,,
337,SB-07/07/23-IT,7,3,NA,NA,PAST,3.5,2,4,4,NA,0,0,F,F,NA,,
338,SB-07/07/23-IT,7,3,NA,NA,PAST,3.5,2,3,4,NA,0,0,F,F,NA,,
339,SB-07/07/23-IT,7,3,NA,NA,PAST,3.5,2,11,8,NA,0,0,F,F,NA,,
340,SB-07/07/23-IT,7,3,NA,NA,PAST,2.5,2,2,4,NA,0,0,F,F,NA,,
341,SB-07/07/23-IT,7,3,NA,NA,PAST,2.5,2,4,4,NA,0,0,F,F,NA,,
342,SB-07/07/23-IT,7,3,NA,NA,PAST,2.5,1,4,4,1,0,0,F,F,NA,,
343,SB-07/07/23-IT,7,3,NA,NA,PAST,2.5,1,6,6,2,0,0,F,F,NA,,
344,SB-07/07/23-IT,7,3,NA,NA,PAST,2.5,2,10,10,NA,0,0,F,F,NA,,
345,SB-07/07/23-IT,7,3,NA,NA,PAST,2.5,2,5,5,NA,0,0,F,F,NA,,
346,SB-07/07/23-IT,7,3,NA,NA,PAST,2.5,1,10,11,10,0.2,0,F,F,NA,,
347,SB-07/07/23-IT,7,3,NA,NA,AHUM,2.5,1,15,6,24,0.4,0,F,F,NA,,
348,SB-07/07/23-IT,7,3,NA,NA,AHUM,2.5,1,9,8,5,0.1,0,F,F,NA,,
349,SB-07/07/23-IT,7,3,NA,NA,AHUM,2.5,1,15,11,12,0.75,0,F,F,NA,,
350,SB-07/07/23-IT,7,3,NA,NA,AHUM,2.5,1,10,5,14,0.1,0,F,F,NA,,
351,SB-07/07/23-IT,7,3,NA,NA,AHUM,2.5,1,12,8,6,0.1,0,F,F,NA,,
352,SB-07/07/23-IT,7,3,NA,NA,AHUM,2.5,1,11,7,4,0.25,0,F,F,NA,,
353,SB-07/07/23-IT,7,3,NA,NA,AHUM,1.6,1,10,9,5,0.3,0,F,F,NA,,
354,SB-07/07/23-IT,7,3,NA,NA,PAST,1.6,1,14,11,9,0.2,0,F,F,NA,,
355,SB-07/07/23-IT,7,3,NA,NA,PAST,1.6,1,10,8,9,0.1,0,F,F,NA,,
356,SB-07/07/23-IT,7,3,NA,NA,PAST,1.6,1,11,12,10,0,0,F,P,NA,,
357,SB-07/07/23-IT,7,3,NA,NA,PAST,1.6,1,5,9,5,0,0,F,P,NA,,
358,SB-07/07/23-PM,7,4,NA,NA,OANN,3.4,1,56,31,8,0.5,0.2,T,F,NA,,
359,SB-07/07/23-PM,7,4,NA,NA,PSTR,3,2,5,6,NA,0,0,F,F,NA,,
360,SB-07/07/23-PM,7,4,NA,NA,PCLI,3.4,1,32,12,17,0,0,F,F,NA,,
361,SB-07/07/23-PM,7,4,NA,NA,OANN,3.4,1,29,10,8,0.2,0.1,T,F,NA,,
362,SB-07/07/23-PM,7,4,NA,NA,OANN,3.4,1,12,5,9,0,0,F,F,NA,,
363,SB-07/07/23-PM,7,4,NA,NA,OANN,3.7,1,13,9,11,0,0,F,P,NA,,
364,SB-07/07/23-PM,7,4,NA,NA,OANN,3.7,1,15,9,8,0,0,F,P,NA,,
365,SB-07/07/23-PM,7,4,NA,NA,OANN,3.7,1,21,11,3,0.15,0.5,T,F,NA,,
366,SB-07/07/23-PM,7,4,NA,NA,OANN,2.1,1,28,12,14,0,0,F,P,NA,,
367,SB-07/07/23-PM,7,4,NA,NA,OANN,2.1,1,26,8,12,0,0,F,P,NA,,
368,SB-07/07/23-PM,7,4,NA,NA,OANN,2.1,1,26,10,9,0,0,F,P,NA,,
369,SB-07/07/23-PM,7,4,NA,NA,SSID,1.8,2,24,15,NA,0.4,0.1,T,F,NA,,
370,SB-07/07/23-PM,7,4,NA,NA,PCLI,1.8,1,12,9,26,0,0,F,P,NA,,
371,SB-07/07/23-PM,7,4,NA,NA,CNAT,1.8,1,21,16,16,0,0,F,P,NA,,
372,SB-07/07/23-PM,7,4,NA,NA,OANN,2.7,1,120,82,11,0.5,0.2,T,F,NA,,
373,SB-07/07/23-PM,7,4,NA,NA,PCLI,3.7,2,20,14,NA,0,0,F,F,NA,,
374,SB-07/07/23-PM,7,4,NA,NA,PCLI,2.7,1,23,25,9,0.3,0.1,T,F,glowing bright blue,,
375,SB-07/07/23-PM,7,4,NA,NA,PCLI,2.1,2,11,10,NA,0,0,F,P,NA,,
376,SB-07/07/23-PM,7,4,NA,NA,CNAT,3,1,23,16,19,1,0.3,T,F,NA,,
377,SB-07/07/23-PM,7,3,NA,NA,PAST,2.4,1,14,6,4,0,0,F,F,NA,,
378,SB-07/07/23-PM,7,3,NA,NA,PAST,2.1,1,8,6,3,0,0,F,F,NA,,
379,SB-07/07/23-PM,7,3,NA,NA,PAST,1.8,1,8,5,3,0,0,F,F,NA,,
380,SB-07/07/23-PM,7,3,NA,NA,PAST,1.8,2,10,6,NA,0,0,F,F,NA,,
381,SB-07/07/23-PM,7,3,NA,NA,PAST,1.8,2,6,4,NA,0,0,F,F,NA,,
382,SB-07/07/23-PM,7,3,NA,NA,PAST,1.8,1,12,6,14,0,0,F,F,NA,,
383,SB-07/07/23-PM,7,3,NA,NA,PAST,1.8,1,8,6,11,0.3,0.1,T,F,NA,,
384,SB-07/07/23-PM,7,3,NA,NA,PAST,1.8,2,9,6,NA,0,0,F,F,NA,,
385,SB-07/07/23-PM,7,3,NA,NA,PAST,1.8,2,14,7,NA,0,0,F,F,NA,,
386,SB-07/07/23-PM,7,3,NA,NA,PAST,1.5,1,7,5,7,0,0,F,F,NA,,
387,SB-07/07/23-PM,7,3,NA,NA,PAST,1.5,1,9,8,12,0,0,F,F,NA,,
388,SB-07/07/23-PM,7,3,NA,NA,PAST,1.5,2,10,8,NA,0,0,F,F,NA,,
389,SB-07/07/23-PM,7,3,NA,NA,PAST,1.5,1,11,8,8,0.3,0.2,T,F,NA,,
390,SB-07/07/23-PM,7,3,NA,NA,PAST,1.5,1,8,6,11,0,0,F,F,NA,,
391,SB-07/07/23-PM,7,3,NA,NA,AHUM,1.5,1,10,9,12,0,0,F,F,NA,,
392,SB-07/07/23-PM,7,3,NA,NA,AHUM,1.5,2,9,2,NA,0,0,F,F,NA,,
393,SB-07/07/23-PM,7,3,NA,NA,PAST,2.4,2,11,12,NA,0,0,F,F,NA,,
394,SB-07/07/23-PM,7,3,NA,NA,PAST,1.2,2,15,8,NA,0,0,F,F,NA,,
395,SB-07/07/23-PM,7,3,NA,NA,PAST,1.5,2,8,7,NA,0,0,F,F,NA,,
396,SB-07/07/23-PM,7,3,NA,NA,PAST,1.5,2,6,9,NA,0,0,F,F,NA,,
397,SB-07/07/23-PM,7,3,NA,NA,PCLI,3.4,2,16,13,NA,0,0,F,P,begining of T7Q3,,
398,SB-07/07/23-PM,7,3,NA,NA,PCLI,3.4,2,29,28,NA,0,0,F,F,NA,,
399,SB-10/07/23-PM,7,3,NA,NA,OANN,2.1,1,8,9,6,0.5,0.1,T,F,NA,,
400,SB-10/07/23-PM,7,3,NA,NA,PCLI,2.1,1,13,11,19,0,0,F,P ,NA,,
401,SB-10/07/23-PM,7,3,NA,NA,PCLI,2.4,2,13,9,NA,0,0,F,P ,NA,,
402,SB-10/07/23-PM,7,3,NA,NA,PCLI,2.4,2,8,8,NA,0,0,F,P ,NA,,
403,SB-10/07/23-PM,7,3,NA,NA,PCLI,2.4,3,36,36,16,0.7,0.1,T,F,NA,,
404,SB-10/07/23-PM,7,3,NA,NA,OANN,2.4,1,37,31,14,0.8,0.1,T,F,NA,,
405,SB-10/07/23-PM,7,3,NA,NA,PCLI,2.4,2,8,7,NA,0,0,F,P ,NA,,
406,SB-10/07/23-PM,7,3,NA,NA,PSTR,2.4,2,15,14,NA,0.2,0.2,T,F,NA,,
407,SB-10/07/23-PM,7,3,NA,NA,OFRA,1.2,1,80,41,28,0.7,0.3,T,F,NA,,
408,SB-10/07/23-PM,7,3,NA,NA,OANN,1.2,1,40,26,20,0.3,0,F,O,Black spot dis. + gobies,,
409,SB-10/07/23-PM,7,3,NA,NA,PCLI,1.2,2,13,9,NA,0,0,F,P,NA,,
410,SB-10/07/23-PM,6,3,NA,NA,PCLI,0.3,3,94,94,32,0.8,0.2,T,F,NA,,
411,SB-10/07/23-PM,6,3,NA,NA,PCLI,0.3,2,48,17,NA,0,0,F,P,NA,,
412,SB-10/07/23-PM,6,3,NA,NA,PCLI,0.3,2,29,16,NA,0,0,F,P,NA,,
413,SB-10/07/23-PM,6,3,NA,NA,PCLI,0.3,2,35,22,NA,0,0,F,P,NA,,
414,SB-10/07/23-PM,6,3,NA,NA,PCLI,0.3,2,58,16,NA,0,0,F,P,NA,,
415,SB-10/07/23-PM,6,3,NA,NA,PCLI,0.3,1,61,44,36,0,0,F,P,Predation + overtaking,,
416,SB-10/07/23-PM,6,3,NA,NA,PCLI,0.3,2,33,15,NA,0,0,F,P,NA,,
417,SB-10/07/23-PM,6,3,NA,NA,PSTR,0.3,2,27,13,NA,0,0,F,P,NA,,
418,SB-10/07/23-PM,6,3,NA,NA,PSTR,0.3,2,21,11,NA,0,0,F,P,NA,,
419,SB-10/07/23-PM,6,3,NA,NA,PCLI,0.3,2,59,39,NA,0,0,F,P,NA,,
420,SB-10/07/23-PM,6,3,NA,NA,PCLI,0.3,2,55,18,NA,0,0,F,F,NA,,
421,SB-10/07/23-PM,6,3,NA,NA,PCLI,0.3,2,95,122,NA,0,0,F,P,NA,,
422,SB-10/07/23-PM,6,3,NA,NA,PCLI,0.3,2,41,20,NA,0,0,F,F,NA,,
423,SB-10/07/23-PM,6,3,NA,NA,PCLI,0.3,2,42,10,NA,0,0,F,F,NA,,
424,SB-10/07/23-PM,6,3,NA,NA,PCLI,0.3,2,26,15,NA,0,0,F,F,NA,,
425,SB-10/07/23-PM,6,3,NA,NA,PCLI,0.3,2,14,44,NA,0,0,F,F,NA,,
426,SB-10/07/23-PM,6,3,NA,NA,PCLI,0.3,2,15,10,NA,0,0,F,F,NA,,
427,SB-10/07/23-PM,6,3,NA,NA,PCLI,0.3,2,53,15,NA,0.35,0.15,T,F,NA,,
428,SB-10/07/23-PM,6,3,NA,NA,PCLI,0.3,2,49,15,NA,0,0,F,F,NA,,
429,SB-10/07/23-PM,6,3,NA,NA,PCLI,0.3,2,23,7,NA,0,0,F,F,NA,,
430,SB-10/07/23-PM,6,3,NA,NA,PCLI,0.3,2,47,10,NA,0,0,F,F,NA,,
431,SB-10/07/23-IT,7,3,NA,NA,OFRA,1.6,1,52,26,13,0.4,0.15,T,F,NA,,
432,SB-10/07/23-IT,7,3,NA,NA,PCLI,1.2,1,17,12,3,0,0,F,PB,NA,,
433,SB-10/07/23-IT,7,3,NA,NA,PCLI,2,1,17,6,2,0,0,F,PB,NA,,
434,SB-10/07/23-IT,7,3,NA,NA,OANN,2,1,60,48,47,0.5,0.1,T,F,NA,,
435,SB-10/07/23-IT,7,3,NA,NA,PCLI,2,2,5,5,NA,0,0,F,F,NA,,
436,SB-10/07/23-IT,7,3,NA,NA,OANN,2,1,28,16,18,0.8,0.02,T,F,NA,,
437,SB-10/07/23-IT,7,3,NA,NA,MMEA,2,1,11,11,4,0,0,F,PB,NA,,
438,SB-10/07/23-IT,7,3,NA,NA,PCLI,2.2,1,14,9,2,0,0,F,PB,NA,,
439,SB-10/07/23-IT,7,3,NA,NA,CNAT,2,1,23,26,13,0,0,F,P,NA,,
440,SB-10/07/23-IT,7,3,NA,NA,OANN,2,1,11,17,20,0.2,0.02,T,F,NA,,
441,SB-10/07/23-IT,7,3,NA,NA,PCLI,2,1,35,43,23,0.1,0,F,PB,NA,,
442,SB-10/07/23-IT,7,3,NA,NA,OANN,2.2,1,33,13,21,0.7,0.15,T,F,NA,,
443,SB-10/07/23-IT,7,3,NA,NA,MMEA,2.2,1,12,11,11,0,0,F,P,NA,,
444,SB-10/07/23-IT,7,3,NA,NA,OANN,2,1,36,26,24,0.15,0.05,T,F,NA,,
445,SB-10/07/23-IT,7,3,NA,NA,PCLI,2,2,15,13,NA,0.05,0,F,F,NA,,
446,SB-10/07/23-IT,7,3,NA,NA,PCLI,2.2,2,6,4,NA,0,0,F,PB,NA,,
447,SB-10/07/23-IT,6,3,NA,NA,PAST,0.6,1,10,8,2,0.15,0,F,F,T6Q3 has a lot of the non-coral coral (?) ,,
448,SB-10/07/23-IT,6,3,NA,NA,PAST,0.6,1,10,10,4,0,0,F,F,NA,,
449,SB-10/07/23-IT,6,3,NA,NA,PAST,0.6,1,12,10,4,0.2,0,F,F,Dark coloration ,,
450,SB-10/07/23-IT,6,3,NA,NA,PAST,0.6,1,10,6,2,0,0,F,F,NA,,
451,SB-10/07/23-IT,6,3,NA,NA,PAST,0.6,1,20,12,5,0.2,0,F,F,Dark coloration,,
452,SB-10/07/23-IT,6,3,NA,NA,PAST,0.6,1,6,6,4,0,0,F,F,Dark coloration,,
453,SB-10/07/23-IT,6,3,NA,NA,PAST,0.6,1,5,3,2,0,0,F,F,Dark coloration,,
454,SB-10/07/23-IT,6,3,NA,NA,PAST,0.6,1,4,3,1,0,0,F,F,Dark coloration,,
455,SB-10/07/23-IT,6,3,NA,NA,PCLI,0.6,1,28,31,11,0.5,0,F,F,Overgrown,,
456,SB-10/07/23-IT,6,3,NA,NA,PCLI,0.6,1,22,17,13,0,0,F,PB,NA,,
457,SB-10/07/23-IT,6,3,NA,NA,PCLI,0.6,2,59,13,NA,0.5,0,F,F,NA,,
458,SB-10/07/23-IT,6,3,NA,NA,PCLI,0.6,1,244,130,67,0.9,0,F,F,Overgrown,,
459,SB-10/07/23-IT,6,3,NA,NA,PCLI,0.6,1,35,16,8,0.1,0,F,F,NA,,
460,SB-10/07/23-IT,6,3,NA,NA,PCLI,0.6,1,196,130,37,0.9,0,F,PB,NA,,
461,SB-10/07/23-IT,6,3,NA,NA,PCLI,0.6,1,220,144,36,0.9,0,F,PB,NA,,
462,SB-10/07/23-IT,6,3,NA,NA,PCLI,0.6,1,128,123,45,0.8,0,F,F,NA,,
463,SB-10/07/23-IT,6,3,NA,NA,PCLI,0.6,1,48,30,10,0,0,F,F,NA,,
464,SB-10/07/23-IT,6,3,NA,NA,PCLI,0.6,1,240,152,40,0.8,0.02,T,F,NA,,
465,SB-10/07/23-IT,6,3,NA,NA,PCLI,0.6,1,279,226,35,0.9,0,F,PB,NA,,
466,SB-10/07/23-IT,6,3,NA,NA,PCLI,0.6,1,39,45,19,0.6,0.25,T,P,NA,,
467,SB-10/07/23-IT,6,3,NA,NA,SSID,0.6,2,8,8,NA,0,0,F,F,NA,,
468,SB-12/07/23-IT,6,4,NA,NA,PCLI,1,2,5,5,NA,0,0,F,F,NA,,
469,SB-12/07/23-IT,6,4,NA,NA,PCLI,1,1,5,31,40,0.12,0.1,T,PB,NA,,
470,SB-12/07/23-IT,6,4,NA,NA,PCLI,1,2,11,6,NA,0,0,F,F,NA,,
471,SB-12/07/23-IT,6,4,NA,NA,PCLI,1,1,25,14,18,0.5,0,F,PB,NA,,
472,SB-12/07/23-IT,6,4,NA,NA,PCLI,1.4,1,25,18,6,0.3,0,F,P,NA,,
473,SB-12/07/23-IT,6,4,NA,NA,PCLI,1.4,1,24,20,9,0.05,0.02,T,P,NA,,
474,SB-12/07/23-IT,6,5,NA,NA,PCLI,1.4,1,13,13,3,0,0,F,P,NA,,
475,SB-12/07/23-IT,6,5,NA,NA,PCLI,1.6,1,20,12,8,0.05,0,F,P,NA,,
476,SB-12/07/23-IT,6,5,NA,NA,PCLI,1.4,1,8,6,2,0,0,F,F,NA,,
477,SB-12/07/23-IT,6,5,NA,NA,PCLI,1.4,1,21,13,10,0.05,0.02,T,F,NA,,
478,SB-12/07/23-IT,6,5,NA,NA,SSID,1.5,1,21,24,8,0.05,0,F,F,NA,,
479,SB-12/07/23-IT,6,5,NA,NA,PCLI,1.5,2,10,12,NA,0,0,F,P,NA,,
480,SB-12/07/23-IT,6,5,NA,NA,PCLI,1.5,1,13,11,4,0,0,F,P,NA,,
481,SB-12/07/23-IT,6,5,NA,NA,PCLI,1.6,1,10,8,1,0,0,F,F,NA,,
482,SB-12/07/23-IT,6,5,NA,NA,PCLI,1.4,1,10,10,1,0,0,F,PB,NA,,
483,SB-12/07/23-IT,6,5,NA,NA,SSID,1.4,1,27,23,13,0.05,0,F,F,NA,,
484,SB-12/07/23-IT,6,5,NA,NA,PCLI,2.4,2,31,21,NA,0.05,0,F,PB,NA,,
485,SB-12/07/23-IT,6,5,NA,NA,MMEA,2.4,1,6,6,2,0,0,F,F,NA,,
486,SB-12/07/23-IT,4,3,NA,NA,MMEA,1.2,1,15,13,9,0,0,F,PB,Pic.1 Confirm ID,,
487,SB-12/07/23-IT,4,3,NA,NA,PCLI,1.2,2,12,12,NA,0,0,F,PB,Most of T4Q3 sandy,,
488,SB-12/07/23-IT,4,3,NA,NA,MMEA,1.2,2,7,8,NA,0,0,F,F,NA,,
489,SB-12/07/23-IT,4,3,NA,NA,PAST,1.2,2,2,2,NA,0,0,F,F,NA,,
490,SB-12/07/23-IT,4,3,NA,NA,PCLI,1.2,1,15,12,5,0,0,F,PB,NA,,
491,SB-12/07/23-IT,4,3,NA,NA,MMEA,1.2,2,4,3,NA,0,0,F,F,NA,,
492,SB-12/07/23-IT,4,3,NA,NA,PCLI,1.2,1,28,11,9,0.5,0.1,T,F,NA,,
493,SB-12/07/23-IT,4,3,NA,NA,MMEA,1.2,2,4,4,NA,0,0,F,F,NA,,
494,SB-12/07/23-PM,6,4,NA,NA,PCLI,0.3,1,14,9,3,0,0,F,P ,NA,,
495,SB-12/07/23-PM,6,4,NA,NA,CNAT,0.3,2,6,4,NA,0,0,F,P ,NA,,
496,SB-12/07/23-PM,6,4,NA,NA,PSTR,0.3,2,38,27,NA,0,0,F,P ,NA,,
497,SB-12/07/23-PM,6,4,NA,NA,PCLI,0.3,1,10,69,21,0.5,0.1,T,F,NA,,
498,SB-12/07/23-PM,6,5,NA,NA,PCLI,2.1,2,13,6,NA,0,0,F,F,NA,,
499,SB-12/07/23-PM,6,5,NA,NA,PSTR,2.7,2,18,7,NA,0,0,F,F,NA,,
500,SB-12/07/23-PM,6,5,NA,NA,PSTR,2.1,1,11,7,2,0.8,0.8,T,F,NA,,
501,SB-12/07/23-PM,6,5,NA,NA,PSTR,2.4,2,12,9,NA,0.4,0.4,T,F,NA,,
502,SB-12/07/23-PM,6,5,NA,NA,PCLI,2.4,2,17,11,NA,0,0,F,P,NA,,
503,SB-12/07/23-PM,6,5,NA,NA,PCLI,2.4,2,18,15,NA,0.2,0.2,T,F,NA,,
504,SB-12/07/23-PM,6,5,NA,NA,SSID,2.4,1,9,8,3,0,0,F,F,NA,,
505,SB-12/07/23-PM,6,5,NA,NA,MCAV,2.1,2,8,5,NA,0.1,0.1,T,F,NA,,
506,SB-12/07/23-PM,6,5,NA,NA,PCLI,1.8,2,6,4,NA,0.1,0.1,T,F,NA,,
507,SB-12/07/23-PM,6,5,NA,NA,CNAT,2.4,1,13,10,3,0.3,0.3,T,F,NA,,
508,SB-12/07/23-PM,6,5,NA,NA,PCLI,1.8,2,7,6,NA,0,0,F,P ,NA,,
509,SB-12/07/23-PM,6,5,NA,NA,PCLI,2.1,2,6,4,NA,0,0,F,P ,NA,,
510,SB-12/07/23-PM,6,5,NA,NA,PAST,2.1,2,9,8,NA,0,0,F,F,NA,,
511,SB-12/07/23-PM,6,5,NA,NA,PAST,2.1,2,11,10,NA,0,0,F,F,NA,,
512,SB-12/07/23-PM,6,5,NA,NA,PAST,2.1,1,7,3,1,0,0,F,F,NA,,
513,SB-12/07/23-PM,6,5,NA,NA,PAST,2.1,1,7,9,3,0,0,F,F,NA,,
514,SB-12/07/23-PM,6,5,NA,NA,PAST,2.1,2,13,11,NA,0,0,F,F,NA,,
515,SB-12/07/23-PM,6,5,NA,NA,PAST,1.8,2,12,13,NA,0,0,F,F,NA,,
516,SB-12/07/23-PM,6,5,NA,NA,PAST,1.8,2,11,7,NA,0,0,F,F,NA,,
517,SB-12/07/23-PM,6,5,NA,NA,PAST,1.8,2,13,10,NA,0,0,F,F,NA,,
518,SB-12/07/23-PM,6,5,NA,NA,PAST,1.8,2,12,7,NA,0,0,F,F,NA,,
519,SB-12/07/23-PM,6,5,NA,NA,PAST,2.1,2,15,15,NA,0,0,F,F,NA,,
520,SB-12/07/23-PM,6,5,NA,NA,PAST,2.4,2,22,9,NA,0,0,F,F,NA,,
521,SB-12/07/23-PM,6,5,NA,NA,PAST,2.1,2,13,11,NA,0,0,F,F,NA,,
522,SB-12/07/23-PM,6,5,NA,NA,PAST,1.8,2,19,13,NA,0,0,F,F,NA,,
523,SB-12/07/23-PM,6,5,NA,NA,PAST,1.8,1,16,10,4,0,0,F,P,NA,,
524,SB-12/07/23-PM,4,3,NA,NA,PSTR,0.9,2,8,5,NA,0,0,F,P,NA,,
525,SB-12/07/23-PM,4,3,NA,NA,PSTR,0.9,2,8,7,NA,0,0,F,F,NA,,
526,SB-12/07/23-PM,4,3,NA,NA,PCLI,0.6,2,20,17,NA,0,0,F,P,NA,,
527,SB-14/07/23-PM,4,4,NA,NA,PCLI,1.2,2,10,9,NA,0,0,F,P,NA,,
528,SB-14/07/23-PM,4,4,NA,NA,PCLI,1.2,2,10,11,NA,0,0,F,P,NA,,
529,SB-14/07/23-PM,4,4,NA,NA,PCLI,1.5,2,19,8,NA,0,0,F,F,NA,,
530,SB-14/07/23-PM,4,4,NA,NA,DLAB,1.2,2,10,4,NA,0,0,F,P,NA,,
531,SB-14/07/23-PM,4,4,NA,NA,PCLI,1.2,2,8,5,NA,0,0,F,P,NA,,
532,SB-14/07/23-PM,4,4,NA,NA,PCLI,1.2,2,18,12,NA,0,0,F,P,NA,,
533,SB-14/07/23-PM,4,4,NA,NA,PCLI,0.9,1,63,24,32,0.6,0.1,T,F,NA,,
534,SB-14/07/23-PM,4,4,NA,NA,PCLI,1.2,2,11,7,NA,0.5,0.2,T,F,NA,,
535,SB-14/07/23-PM,4,4,NA,NA,PCLI,1.2,2,4,4,NA,0,0,F,F,NA,,
536,SB-14/07/23-PM,4,4,NA,NA,PCLI,1.2,1,15,5,10,0.6,0,F,PB,NA,,
537,SB-14/07/23-PM,4,4,NA,NA,PCLI,1.2,2,8,7,NA,0.1,0,F,PB,NA,,
538,SB-14/07/23-PM,4,4,NA,NA,PCLI,1.5,2,2,3,NA,0,0,F,F,NA,,
539,SB-14/07/23-PM,4,4,NA,NA,CNAT,1.5,2,9,3,NA,0,0,F,P ,NA,,
540,SB-14/07/23-PM,4,5,NA,NA,PCLI,2.1,1,13,10,5,0,0,F,F,NA,,
541,SB-14/07/23-PM,4,5,NA,NA,PCLI,2.4,2,9,11,NA,0,0,F,PB,NA,,
542,SB-14/07/23-PM,4,5,NA,NA,SSID,2.4,2,8,7,NA,0,0,F,P,NA,,
543,SB-14/07/23-PM,4,5,NA,NA,CNAT,2.4,1,21,23,11,0,0,F,F,NA,,
544,SB-14/07/23-PM,4,5,NA,NA,PCLI,2.1,2,5,4,NA,0,0,F,P,NA,,
545,SB-14/07/23-PM,4,5,NA,NA,PAST,2.1,2,10,6,NA,0,0,F,P,NA,,
546,SB-14/07/23-PM,4,5,NA,NA,PAST,2.1,2,5,4,NA,0,0,F,F,NA,,
547,SB-14/07/23-PM,4,5,NA,NA,PAST,2.4,1,18,12,4,0,0,F,F,NA,,
548,SB-14/07/23-PM,4,5,NA,NA,PAST,2.1,2,8,6,NA,0,0,F,F,NA,,
549,SB-14/07/23-PM,4,5,NA,NA,PAST,2.1,2,6,4,NA,0,0,F,P,NA,,
550,SB-14/07/23-PM,4,5,NA,NA,PAST,2.4,2,6,4,NA,0,0,F,F,NA,,
551,SB-14/07/23-PM,4,5,NA,NA,PAST,2.4,2,5,4,NA,0,0,F,F,NA,,
552,SB-14/07/23-PM,4,5,NA,NA,PAST,2.4,2,13,14,NA,0,0,F,F,NA,,
553,SB-14/07/23-PM,4,5,NA,NA,PAST,2.1,2,15,8,NA,0,0,F,F,NA,,
554,SB-14/07/23-PM,4,5,NA,NA,PAST,2.1,2,7,5,NA,0,0,F,F,NA,,
555,SB-14/07/23-PM,4,5,NA,NA,PAST,2.1,1,7,5,3,0,0,F,F,NA,,
556,SB-14/07/23-PM,4,5,NA,NA,PAST,2.1,1,9,11,4,0,0,F,F,NA,,
557,SB-14/07/23-PM,4,5,NA,NA,PAST,2.1,2,8,7,NA,0,0,F,F,NA,,
558,SB-14/07/23-PM,4,5,NA,NA,PAST,1.8,2,15,10,NA,0,0,F,F,NA,,
559,SB-14/07/23-PM,4,5,NA,NA,PAST,1.8,2,7,5,NA,0,0,F,F,NA,,
560,SB-14/07/23-PM,4,5,NA,NA,PAST,2.1,2,9,10,NA,0,0,F,F,NA,,
561,SB-14/07/23-PM,4,5,NA,NA,PAST,2.1,2,10,9,NA,0,0,F,F,NA,,
562,SB-14/07/23-PM,4,5,NA,NA,PAST,2.1,2,9,6,NA,0,0,F,F,NA,,
563,SB-14/07/23-PM,4,5,NA,NA,PCLI,1.8,2,12,10,NA,0,0,F,F,NA,,
564,SB-14/07/23-PM,4,5,NA,NA,PSTR,1.8,2,12,11,NA,0,0,F,F,NA,,
565,SB-14/07/23-PM,4,5,NA,NA,PCLI,2.4,2,15,8,NA,0,0,F,P,NA,,
566,SB-14/07/23-PM,4,5,NA,NA,PSTR,2.1,2,12,8,NA,0,0,F,P,NA,,
567,SB-14/07/23-PM,4,5,NA,NA,PCLI,2.1,2,19,11,NA,0,0,F,F,NA,,
568,SB-14/07/23-PM,4,5,NA,NA,PSTR,2.1,2,19,6,NA,0,0,F,F,NA,,
569,SB-14/07/23-PM,4,5,NA,NA,PSTR,2.1,2,6,12,NA,0,0,F,F,NA,,
570,SB-14/07/23-PM,4,5,NA,NA,PCLI,1.8,1,19,13,26,0.3,0.2,T,F,NA,,
571,SB-14/07/23-PM,4,5,NA,NA,PCLI,2.1,2,5,4,NA,0,0,F,P,NA,,
572,SB-14/07/23-PM,3,1,NA,NA,PCLI,1.8,1,9,7,1,0,0,F,P ,NA,,
573,SB-14/07/23-PM,3,1,NA,NA,PSTR,2.4,2,7,5,NA,0,0,F,F,NA,,
574,SB-14/07/23-PM,3,1,NA,NA,PCLI,2.1,1,18,16,6,0,0,F,F,NA,,
575,SB-14/07/23-PM,3,1,NA,NA,PCLI,1.8,2,8,5,NA,0,0,F,P,NA,,
576,SB-14/07/23-PM,3,1,NA,NA,PCLI,1.8,2,12,6,NA,0,0,F,F,NA,,
577,SB-14/07/23-PM,3,1,NA,NA,SSID,1.8,1,7,6,2,0.2,0.2,T,F,NA,,
578,SB-14/07/23-PM,3,1,NA,NA,PSTR,1.8,2,7,6,NA,0,0,F,F,NA,,
579,SB-14/07/23-PM,3,1,NA,NA,PCLI,2.1,1,15,10,5,0,0,F,P,NA,,
580,SB-14/07/23-PM,3,1,NA,NA,PSTR,2.1,2,11,4,NA,0,0,F,F,NA,,
581,SB-14/07/23-PM,3,1,NA,NA,PSTR,2.1,2,10,6,NA,0,0,F,F,NA,,
582,SB-14/07/23-PM,3,1,NA,NA,CNAT,2.1,2,9,6,NA,0,0,F,F,NA,,
583,SB-14/07/23-PM,3,1,NA,NA,PSTR,2.1,2,7,4,NA,0,0,F,P,NA,,
584,SB-14/07/23-PM,3,1,NA,NA,CNAT,2.1,1,12,9,3,0.1,0.1,T,F,NA,,
585,SB-14/07/23-PM,3,1,NA,NA,PCLI,2.1,2,5,6,NA,0,0,F,P,NA,,
586,SB-14/07/23-PM,3,1,NA,NA,PCLI,1.8,2,8,6,NA,0.2,0.2,T,F,NA,,
587,SB-14/07/23-PM,3,2,NA,NA,PCLI,2.4,1,10,8,3,0,0,F,F,NA,,
588,SB-14/07/23-PM,3,2,NA,NA,PCLI,2.4,1,9,12,3,0,0,F,P,NA,,
589,SB-14/07/23-PM,3,2,NA,NA,PCLI,2.4,2,16,17,NA,0,0,F,PB,NA,,
590,SB-14/07/23-PM,3,2,NA,NA,CNAT,2.4,1,25,15,5,0.2,0.2,T,F,NA,,
591,SB-14/07/23-PM,3,2,NA,NA,PCLI,2.4,1,19,13,29,0,0,F,P,NA,,
592,SB-14/07/23-PM,3,2,NA,NA,PCLI,2.4,2,15,7,NA,0,0,F,PB,NA,,
593,SB-14/07/23-PM,3,2,NA,NA,PCLI,2.4,2,6,4,NA,0,0,F,P,NA,,
594,SB-14/07/23-PM,3,2,NA,NA,PCLI,2.4,2,4,3,NA,0,0,F,F,NA,,
595,SB-14/07/23-IT,4,4,NA,NA,PCLI,1.6,2,9,7,NA,0,0,F,P,NA,,
596,SB-14/07/23-IT,4,4,NA,NA,PCLI,1.6,1,11,10,4,0,0,F,F,NA,,
597,SB-14/07/23-IT,4,4,NA,NA,CNAT,1.6,1,20,16,6,0.05,0,F,F,Pic.1 Confirm ID. Maybe DLAB.,,
598,SB-14/07/23-IT,4,4,NA,NA,PCLI,1.6,1,10,8,2,0,0,F,F,NA,,
599,SB-14/07/23-IT,4,4,NA,NA,SSID,1.6,1,12,10,3,0.05,0,F,F,NA,,
600,SB-14/07/23-IT,4,4,NA,NA,PSTR,1.6,1,6,4,1,0,0,F,F,NA,,
601,SB-14/07/23-IT,4,4,NA,NA,SSID,1.6,1,7,6,3,0.2,0,F,PB,NA,,
602,SB-14/07/23-IT,4,4,NA,NA,PCLI,1.6,1,10,3,8,0,0,F,P,NA,,
603,SB-14/07/23-IT,4,4,NA,NA,PSTR,1.6,1,12,10,3,0,0,F,P,NA,,
604,SB-14/07/23-IT,4,4,NA,NA,MMEA,1.6,1,8,7,6,0,0,F,F,Pic.4 Confirm ID.,,
605,SB-14/07/23-IT,4,4,NA,NA,PCLI,0.9,1,46,32,40,0.7,0.2,T,F,NA,,
606,SB-14/07/23-IT,4,4,NA,NA,PCLI,0.9,1,22,27,30,0.4,0,F,F,NA,,
607,SB-14/07/23-IT,4,4,NA,NA,PCLI,0.9,2,8,13,NA,0,0,F,F,P,,
608,SB-14/07/23-IT,4,5,NA,NA,PCLI,1.8,1,9,11,4,0,0,F,P,NA,,
609,SB-14/07/23-IT,4,5,NA,NA,SSID,1.8,2,4,4,NA,0,0,F,F,NA,,
610,SB-14/07/23-IT,4,5,NA,NA,SSID,1.8,2,5,6,NA,0,0,F,F,NA,,
611,SB-14/07/23-IT,4,5,NA,NA,PCLI,2.3,1,12,6,3,0,0,F,F,NA,,
612,SB-14/07/23-IT,4,5,NA,NA,PCLI,2.3,2,6,6,NA,0,0,F,F,NA,,
613,SB-14/07/23-IT,4,5,NA,NA,PCLI,1.8,2,3,3,NA,0,0,F,F,NA,,
614,SB-14/07/23-IT,4,5,NA,NA,PCLI,2.3,1,18,13,7,0,0,F,PB,NA,,
615,SB-14/07/23-IT,4,5,NA,NA,PCLI,2.3,1,13,13,5,0.4,0.2,T,F,NA,,
616,SB-14/07/23-IT,4,5,NA,NA,PCLI,1.4,1,20,12,8,0.1,0,F,P,NA,,
617,SB-14/07/23-IT,4,5,NA,NA,PSTR,1.4,1,8,9,4,0,0,F,P,NA,,
618,SB-14/07/23-IT,4,5,NA,NA,PCLI,1.4,2,13,7,NA,0,0,F,F,NA,,
619,SB-14/07/23-IT,4,5,NA,NA,CNAT,1.4,1,18,16,14,0,0,F,PB,NA,,
620,SB-14/07/23-IT,4,5,NA,NA,CNAT,1.4,2,11,11,NA,0,0,F,F,NA,,
621,SB-14/07/23-IT,4,5,NA,NA,PCLI,1.4,2,13,9,NA,0,0,F,P,NA,,
622,SB-14/07/23-IT,4,5,NA,NA,SSID,1.4,2,6,5,NA,0,0,F,F,NA,,
623,SB-14/07/23-IT,4,5,NA,NA,PCLI,2.3,1,28,20,9,0,0,F,PB,NA,,
624,SB-14/07/23-IT,4,5,NA,NA,PSTR,1.8,1,3,3,1,0,0,F,F,NA,,
625,SB-14/07/23-IT,4,5,NA,NA,PSTR,1.8,2,15,9,NA,0.1,0,F,PB,NA,,
626,SB-14/07/23-IT,4,5,NA,NA,PSTR,1.8,2,7,5,NA,0,0,F,F,NA,,
627,SB-14/07/23-IT,4,5,NA,NA,PCLI,2.3,1,11,9,1,0,0,F,F,NA,,
628,SB-14/07/23-IT,4,5,NA,NA,PCLI,1.8,1,21,23,7,0.05,0,F,P,NA,,
629,SB-14/07/23-IT,3,1,NA,NA,PCLI,2,1,19,16,9,0,0,F,PB,NA,,
630,SB-14/07/23-IT,3,1,NA,NA,MMEA,2,1,6,5,2,0,0,F,F,NA,,
631,SB-14/07/23-IT,3,1,NA,NA,PCLI,2,2,7,5,NA,0,0,F,F,NA,,
632,SB-14/07/23-IT,3,1,NA,NA,CNAT,2,1,9,7,1,0,0,F,F,NA,,
633,SB-14/07/23-IT,3,1,NA,NA,PSTR,2,1,15,10,4,0.5,0,F,F,NA,,
634,SB-14/07/23-IT,3,1,NA,NA,PCLI,2,2,7,6,NA,0.5,0,F,F,NA,,
635,SB-14/07/23-IT,3,1,NA,NA,PCLI,2,2,10,5,NA,0,0,F,F,NA,,
636,SB-14/07/23-IT,3,1,NA,NA,MMEA,2,2,6,5,NA,0,0,F,F,NA,,
637,SB-14/07/23-IT,3,1,NA,NA,PSTR,2,2,3,3,NA,0,0,F,F,NA,,
638,SB-14/07/23-IT,3,1,NA,NA,PAST,2,1,13,8,3,0,0,F,F,NA,,
639,SB-14/07/23-IT,3,1,NA,NA,PAST,2,2,6,5,NA,0,0,F,F,NA,,
640,SB-14/07/23-IT,3,1,NA,NA,PAST,2,2,2,3,NA,0,0,F,F,NA,,
641,SB-14/07/23-IT,3,1,NA,NA,PAST,2,1,10,8,3,0,0,F,F,NA,,
642,SB-14/07/23-IT,3,1,NA,NA,PAST,2,2,12,6,NA,0,0,F,F,NA,,
643,SB-14/07/23-IT,3,1,NA,NA,PAST,2,1,12,8,9,0.9,0,F,F,NA,,
644,SB-14/07/23-IT,3,1,NA,NA,PAST,2,1,7,4,2,0.1,0,F,F,NA,,
645,SB-14/07/23-IT,3,1,NA,NA,PAST,2,1,7,3,2,0,0,F,F,NA,,
646,SB-14/07/23-IT,3,1,NA,NA,PAST,2,2,3,3,NA,0,0,F,F,NA,,
647,SB-14/07/23-IT,3,1,NA,NA,PAST,2,2,5,2,NA,0,0,F,F,NA,,
648,SB-14/07/23-IT,3,1,NA,NA,PAST,2,2,5,4,NA,0,0,F,F,NA,,
649,SB-14/07/23-IT,3,1,NA,NA,PAST,2,2,4,3,NA,0,0,F,F,NA,,
650,SB-14/07/23-IT,3,1,NA,NA,PAST,2,1,6,6,1,0.3,0,F,F,NA,,
651,SB-14/07/23-IT,3,1,NA,NA,PAST,2,1,10,9,3,0,0,F,F,NA,,
652,SB-14/07/23-IT,3,1,NA,NA,PAST,2,2,7,5,NA,0,0,F,F,NA,,
653,SB-14/07/23-IT,3,1,NA,NA,PAST,2,2,9,7,NA,0,0,F,F,NA,,
654,SB-14/07/23-IT,3,1,NA,NA,PAST,2,1,4,4,1,0,0,F,F,NA,,
655,SB-14/07/23-IT,3,2,NA,NA,PCLI,2.1,2,6,6,NA,0,0,F,F,"Some A.palmata in this quadrat, but not recorded",,
656,SB-14/07/23-IT,3,2,NA,NA,PCLI,2.1,1,12,10,5,0.3,0,F,F,NA,,
657,SB-14/07/23-IT,3,2,NA,NA,PCLI,2.1,2,5,5,NA,0,0,F,F,NA,,
658,SB-14/07/23-IT,3,2,NA,NA,PCLI,2.1,2,9,7,NA,0,0,F,F,NA,,
659,SB-14/07/23-IT,3,2,NA,NA,PCLI,2.1,1,12,11,7,0.25,0,F,F,NA,,
660,SB-14/07/23-IT,3,2,NA,NA,PCLI,2.1,1,7,7,4,0,0,F,F,NA,,
661,SB-17/07/23-IT,2,1,NA,NA,MMEA,1.1,1,5,5,2,0,0,F,F,NA,,
662,SB-17/07/23-IT,2,1,NA,NA,MMEA,1.1,1,10,7,5,0,0,F,F,NA,,
663,SB-17/07/23-IT,2,1,NA,NA,PCLI,1.1,1,6,5,1,0,0,F,F,NA,,
664,SB-17/07/23-IT,2,1,NA,NA,MMEA,1.1,2,3,3,NA,0,0,F,F,NA,,
665,SB-17/07/23-IT,2,1,NA,NA,PCLI,1.1,1,17,13,4,0,0,F,P,NA,,
666,SB-17/07/23-IT,2,1,NA,NA,PCLI,1.1,1,8,7,1,0,0,F,F,NA,,
667,SB-17/07/23-IT,2,1,NA,NA,CNAT,1.1,1,24,19,10,0.8,0,F,F,NA,,
668,SB-17/07/23-IT,2,1,NA,NA,SSID,1.1,1,15,16,26,0.9,0,F,F,NA,,
669,SB-17/07/23-IT,2,1,NA,NA,PCLI,1.1,1,14,14,8,0.1,0,F,F,NA,,
670,SB-17/07/23-IT,2,1,NA,NA,PCLI,1.1,2,17,9,NA,0,0,F,F,NA,,
671,SB-17/07/23-IT,2,1,NA,NA,PCLI,1.1,1,11,9,1,0,0,F,F,NA,,
672,SB-17/07/23-IT,2,1,NA,NA,SSID,1,1,10,10,1,0.1,0,F,F,NA,,
673,SB-17/07/23-IT,2,1,NA,NA,CNAT,1,1,19,16,8,0,0,F,F,Pic.1 Confirm ID. Maybe CNAT,,
674,SB-17/07/23-IT,2,1,NA,NA,PCLI,1,1,12,13,2,0,0,F,P,NA,,
675,SB-17/07/23-IT,2,1,NA,NA,PCLI,1,2,9,7,NA,0,0,F,F,NA,,
676,SB-17/07/23-IT,2,1,NA,NA,MMEA,1,2,8,5,NA,0,0,F,F,NA,,
677,SB-17/07/23-IT,2,1,NA,NA,CNAT,1,1,21,17,10,0,0,F,F,NA,,
678,SB-17/07/23-IT,2,1,NA,NA,PCLI,1,1,12,9,2,0,0,F,F,NA,,
679,SB-17/07/23-IT,2,1,NA,NA,PCLI,1,1,11,9,3,0.1,0,F,F,NA,,
680,SB-17/07/23-IT,2,1,NA,NA,MMEA,1,1,12,9,2,0,0,F,F,NA,,
681,SB-17/07/23-IT,2,1,NA,NA,PAST,1,1,9,7,3,0.1,0,F,F,NA,,
682,SB-17/07/23-IT,2,1,NA,NA,PAST,1,1,9,7,3,0.15,0,F,P,NA,,
683,SB-17/07/23-IT,2,1,NA,NA,PAST,1,1,14,10,5,0,0,F,F,NA,,
684,SB-17/07/23-IT,2,1,NA,NA,PAST,1,1,7,6,9,0,0,F,F,NA,,
685,SB-17/07/23-IT,2,1,NA,NA,PAST,1,2,12,9,NA,0,0,F,F,NA,,
686,SB-17/07/23-IT,2,1,NA,NA,PAST,1,2,11,7,NA,0.1,0,F,F,NA,,
687,SB-17/07/23-IT,2,1,NA,NA,PAST,1,1,4,4,1,0,0,F,F,NA,,
688,SB-17/07/23-IT,2,1,NA,NA,PAST,1,1,7,7,3,0.1,0,F,F,NA,,
689,SB-17/07/23-IT,2,1,NA,NA,PAST,1,2,5,5,NA,0,0,F,F,NA,,
690,SB-17/07/23-IT,2,1,NA,NA,PAST,1,2,9,10,NA,0,0,F,F,NA,,
691,SB-17/07/23-IT,2,1,NA,NA,PAST,1,2,7,6,NA,0,0,F,F,NA,,
692,SB-17/07/23-IT,2,1,NA,NA,PAST,1,2,3,3,NA,0,0,F,F,NA,,
693,SB-17/07/23-IT,2,1,NA,NA,PAST,1,1,16,13,6,0.15,0,F,F,NA,,
694,SB-17/07/23-IT,2,1,NA,NA,PAST,1,2,6,9,NA,0.1,0,F,F,NA,,
695,SB-17/07/23-IT,2,1,NA,NA,PAST,1,1,6,7,5,0,0,F,P,NA,,
696,SB-17/07/23-IT,2,1,NA,NA,PAST,1,1,5,7,6,0,0,F,PB,NA,,
697,SB-17/07/23-IT,2,1,NA,NA,PAST,1,1,16,9,2,0.75,0,F,F,NA,,
698,SB-17/07/23-IT,2,1,NA,NA,PAST,1,2,6,5,NA,0.2,0,F,F,NA,,
699,SB-17/07/23-IT,2,2,NA,NA,MMEA,1.5,1,17,10,6,0.8,0.3,T,F,NA,,
700,SB-17/07/23-IT,2,2,NA,NA,SSID,1.5,2,5,6,NA,0,0,F,F,NA,,
701,SB-17/07/23-IT,2,2,NA,NA,PCLI,1.5,2,12,10,NA,0,0,F,PB,NA,,
702,SB-17/07/23-IT,2,2,NA,NA,PCLI,1.5,2,5,4,NA,0,0,F,F,NA,,
703,SB-17/07/23-IT,2,2,NA,NA,PCLI,1.5,1,26,12,8,0,0,F,PB,NA,,
704,SB-17/07/23-IT,2,2,NA,NA,PCLI,1.5,1,13,10,7,0.1,0.08,T,PB,NA,,
705,SB-17/07/23-IT,2,2,NA,NA,PCLI,1.5,2,5,5,NA,0,0,F,P,NA,,
706,SB-17/07/23-IT,2,2,NA,NA,PCLI,1.5,2,3,3,NA,0,0,F,P,NA,,
707,SB-17/07/23-IT,2,2,NA,NA,PCLI,1.5,1,15,10,2,0,0,F,P,NA,,
708,SB-17/07/23-IT,2,2,NA,NA,MMEA,1.5,2,2,2,NA,0,0,F,F,NA,,
709,SB-17/07/23-IT,2,2,NA,NA,MMEA,1.5,2,2,2,NA,0,0,F,F,NA,,
710,SB-17/07/23-IT,2,2,NA,NA,MMEA,1.5,1,9,7,6,0.4,0,F,F,NA,,
711,SB-17/07/23-IT,2,2,NA,NA,MMEA,1.5,2,2,2,NA,0,0,F,F,NA,,
712,SB-17/07/23-IT,2,2,NA,NA,MMEA,1.5,2,2,2,NA,0,0,F,F,NA,,
713,SB-17/07/23-IT,2,2,NA,NA,PCLI,1.5,1,8,6,5,0,0,F,F,NA,,
714,SB-17/07/23-IT,2,2,NA,NA,PCLI,1.5,1,16,16,9,0.5,0,F,F,NA,,
715,SB-17/07/23-IT,2,2,NA,NA,SSID,1.5,1,25,20,11,0.2,0.02,T,P,NA,,
716,SB-17/07/23-IT,2,2,NA,NA,MMEA,1.5,1,13,14,7,0.4,0,F,F,NA,,
717,SB-17/07/23-IT,2,3,NA,NA,PCLI,2.4,2,7,6,NA,0,0,F,F,NA,,
718,SB-17/07/23-IT,2,3,NA,NA,PSTR,2.4,1,8,6,2,0,0,F,F,NA,,
719,SB-17/07/23-IT,2,3,NA,NA,PSTR,2.4,2,7,5,NA,0,0,F,F,NA,,
720,SB-17/07/23-IT,2,3,NA,NA,MMEA,2.4,2,2,2,NA,0,0,F,F,NA,,
721,SB-17/07/23-IT,2,3,NA,NA,DLAB,3.1,1,17,12,4,0,0,F,F,NA,,
722,SB-17/07/23-IT,2,3,NA,NA,PSTR,2.4,1,15,10,7,0.1,0.02,T,F,NA,,
723,SB-17/07/23-IT,2,3,NA,NA,CNAT,2.4,1,13,11,5,0,0,F,F,NA,,
724,SB-17/07/23-IT,2,3,NA,NA,OANN,2.4,1,12,21,19,0.3,0.02,T,F,NA,,
725,SB-17/07/23-IT,2,3,NA,NA,OANN,3.1,1,17,32,18,0.3,0.1,T,F,NA,,
726,SB-17/07/23-IT,2,3,NA,NA,OANN,3.1,1,19,13,9,0.9,0.2,T,F,NA,,
727,SB-17/07/23-IT,2,3,NA,NA,PCLI,3,2,7,6,NA,0,0,F,F,NA,,
728,SB-17/07/23-IT,2,3,NA,NA,MMEA,3,2,2,2,NA,0,0,F,F,NA,,
729,SB-17/07/23-IT,2,3,NA,NA,MMEA,3,1,7,8,10,0,0,F,F,NA,,
730,SB-17/07/23-IT,2,3,NA,NA,MMEA,3,2,3,4,NA,0,0,F,F,NA,,
731,SB-17/07/23-IT,2,3,NA,NA,PCLI,3,1,24,15,8,0,0,F,P,NA,,
732,SB-17/07/23-IT,2,3,NA,NA,PCLI,3,2,8,7,NA,0,0,F,F,NA,,
733,SB-17/07/23-IT,2,3,NA,NA,MMEA,2.4,2,9,8,NA,0,0,F,F,NA,,
734,SB-17/07/23-IT,2,3,NA,NA,AHUM,2.4,2,3,4,NA,0,0,F,F,NA,,
735,SB-17/07/23-IT,2,3,NA,NA,PSTR,2.4,2,6,5,NA,0,0,F,F,NA,,
736,SB-17/07/23-IT,2,3,NA,NA,PAST,2.4,1,5,7,8,0,0,F,F,NA,,
737,SB-17/07/23-IT,2,3,NA,NA,PAST,2.4,2,8,6,NA,0,0,F,F,NA,,
738,SB-17/07/23-IT,2,3,NA,NA,PAST,2.4,2,4,3,NA,0,0,F,PB,NA,,
739,SB-17/07/23-IT,2,3,NA,NA,PAST,2.4,2,4,3,NA,0,0,F,F,NA,,
740,SB-17/07/23-IT,2,3,NA,NA,PAST,2.4,2,5,4,NA,0,0,F,F,NA,,
741,SB-17/07/23-IT,2,3,NA,NA,PAST,2.4,2,6,6,NA,0,0,F,F,NA,,
742,SB-17/07/23-IT,2,3,NA,NA,PAST,2.4,2,5,5,NA,0,0,F,F,NA,,
743,SB-17/07/23-IT,2,3,NA,NA,PAST,2.4,2,4,4,NA,0,0,F,F,NA,,
744,SB-17/07/23-IT,2,3,NA,NA,PAST,2.4,1,14,7,6,0,0,F,F,NA,,
745,SB-17/07/23-IT,2,3,NA,NA,PAST,2.4,1,8,7,3,0,0,F,F,NA,,
746,SB-17/07/23-IT,2,3,NA,NA,PAST,2.4,2,4,4,NA,0,0,F,F,NA,,
747,SB-17/07/23-IT,2,3,NA,NA,PAST,2.4,2,4,6,NA,0.5,0,F,F,NA,,
748,SB-17/07/23-IT,2,3,NA,NA,PAST,2.4,2,4,7,NA,0,0,F,F,NA,,
749,SB-17/07/23-IT,2,3,NA,NA,PAST,2.4,2,3,3,NA,0,0,F,F,NA,,
750,SB-17/07/23-IT,2,3,NA,NA,PAST,2.4,1,6,6,2,0,0,F,F,NA,,
751,SB-17/07/23-IT,2,3,NA,NA,PAST,2.4,1,8,7,1,0,0,F,F,NA,,
752,SB-17/07/23-IT,2,3,NA,NA,PAST,2.4,1,19,15,5,0,0,F,F,NA,,
753,SB-17/07/23-IT,2,3,NA,NA,PAST,3,1,15,12,7,0,0,F,F,NA,,
754,SB-17/07/23-IT,2,3,NA,NA,PAST,3,1,12,10,4,0.15,0,F,F,NA,,
755,SB-17/07/23-IT,2,3,NA,NA,PAST,3,1,9,8,5,0,0,F,F,NA,,
756,SB-17/07/23-IT,2,3,NA,NA,PAST,3,1,7,5,3,0,0,F,F,NA,,
757,SB-17/07/23-IT,2,3,NA,NA,PAST,3,1,8,10,6,0.1,0,F,P,NA,,
758,SB-17/07/23-IT,2,3,NA,NA,PAST,3,2,7,6,NA,0,0,F,F,NA,,
759,SB-17/07/23-IT,2,3,NA,NA,PAST,2.4,2,7,7,NA,0,0,F,F,NA,,
760,SB-17/07/23-IT,2,3,NA,NA,PAST,2.4,2,7,8,NA,0,0,F,F,NA,,
761,SB-17/07/23-PM,2,1,NA,NA,DLAB,1.5,1,15,12,5,0.4,0.3,T,F,Predation (parrotfish),,
762,SB-17/07/23-PM,2,1,NA,NA,PCLI,1.5,2,26,7,NA,0.3,0.1,T,F,NA,,
763,SB-17/07/23-PM,2,1,NA,NA,PCLI,1.5,2,6,5,NA,0,0,F,P ,NA,,
764,SB-17/07/23-PM,2,1,NA,NA,PCLI,1.5,2,25,14,NA,0,0,F,P,Bright blue,,
765,SB-17/07/23-PM,2,1,NA,NA,PSTR,1.8,2,7,6,NA,0,0,F,P,NA,,
766,SB-17/07/23-PM,2,1,NA,NA,MMEA,1.2,1,10,7,3,0.1,0,F,PB,NA,,
767,SB-17/07/23-PM,2,1,NA,NA,CNAT,1.5,2,9,7,NA,0,0,F,P,NA,,
768,SB-17/07/23-PM,2,1,NA,NA,PCLI,1.5,1,27,12,7,0,0,F,F,NA,,
769,SB-17/07/23-PM,2,1,NA,NA,PSTR,1.8,2,19,15,NA,0,0,F,P,Predation (urchin),,
770,SB-17/07/23-PM,2,1,NA,NA,SSID,1.5,1,7,6,4,0,0,F,P,NA,,
771,SB-17/07/23-PM,2,1,NA,NA,CNAT,1.8,1,10,10,3,0,0,F,P,NA,,
772,SB-17/07/23-PM,2,1,NA,NA,PCLI,1.8,2,4,3,NA,0,0,F,F,NA,,
773,SB-17/07/23-PM,2,1,NA,NA,MMEA,1.8,2,4,4,NA,0,0,F,F,NA,,
774,SB-17/07/23-PM,2,1,NA,NA,PSTR,1.8,1,13,9,8,0,0,F,PB,NA,,
775,SB-17/07/23-PM,2,1,NA,NA,PSTR,1.8,1,7,5,2,0,0,F,P,NA,,
776,SB-17/07/23-PM,2,1,NA,NA,MMEA,1.8,1,9,6,4,0,0,F,F,NA,,
777,SB-17/07/23-PM,2,1,NA,NA,PSTR,1.5,1,20,19,26,0.8,0.1,T,F,NA,,
778,SB-17/07/23-PM,2,1,NA,NA,CNAT,1.5,1,12,9,3,0.15,0.15,T,F,NA,,
779,SB-17/07/23-PM,2,1,NA,NA,PSTR,1.5,2,13,15,NA,0,0,F,F,NA,,
780,SB-17/07/23-PM,2,1,NA,NA,PAST,1.8,2,7,8,NA,0,0,F,F,NA,,
781,SB-17/07/23-PM,2,1,NA,NA,PAST,1.8,2,10,6,NA,0,0,F,F,NA,,
782,SB-17/07/23-PM,2,1,NA,NA,PAST,1.8,1,4,3,3,0,0,F,F,NA,,
783,SB-17/07/23-PM,2,1,NA,NA,PAST,1.5,2,7,6,NA,0,0,F,F,NA,,
784,SB-17/07/23-PM,2,1,NA,NA,PAST,1.5,2,10,4,NA,0,0,F,F,NA,,
785,SB-17/07/23-PM,2,1,NA,NA,PAST,1.5,2,14,9,NA,0,0,F,F,NA,,
786,SB-17/07/23-PM,2,1,NA,NA,PAST,1.8,1,8,7,4,0,0,F,F,NA,,
787,SB-17/07/23-PM,2,1,NA,NA,PAST,1.5,1,12,8,13,0,0,F,F,NA,,
788,SB-17/07/23-PM,2,1,NA,NA,PAST,1.5,2,11,7,NA,0,0,F,F,NA,,
789,SB-17/07/23-PM,2,1,NA,NA,PAST,1.5,2,5,6,NA,0,0,F,F,NA,,
790,SB-17/07/23-PM,2,1,NA,NA,PAST,1.5,2,7,4,NA,0,0,F,F,NA,,
791,SB-17/07/23-PM,2,1,NA,NA,PAST,1.8,2,15,7,NA,0,0,F,F,NA,,
792,SB-17/07/23-PM,2,2,NA,NA,PCLI,1.8,1,26,28,16,0,0,F,P,NA,,
793,SB-17/07/23-PM,2,2,NA,NA,MMEA,1.8,1,13,8,8,0,0,F,PB,NA,,
794,SB-17/07/23-PM,2,2,NA,NA,MMEA,1.8,1,19,12,4,0.4,0.1,T,F,NA,,
795,SB-17/07/23-PM,2,2,NA,NA,PCLI,2.1,2,24,21,NA,0,0,F,F,NA,,
796,SB-17/07/23-PM,2,2,NA,NA,PCLI,2.1,2,26,18,NA,0,0,F,F,NA,,
797,SB-17/07/23-PM,2,2,NA,NA,PCLI,2.1,1,15,10,11,0,0,F,P,NA,,
798,SB-17/07/23-PM,2,2,NA,NA,MMEA,2.1,1,10,7,4,0,0,F,F,NA,,
799,SB-17/07/23-PM,2,2,NA,NA,SSID,2.4,1,10,7,4,0,0,F,F,NA,,
800,SB-17/07/23-PM,2,2,NA,NA,SSID,2.4,1,17,19,7,0,0,F,F,NA,,
801,SB-17/07/23-PM,2,2,NA,NA,PSTR,2.4,1,8,6,3,0,0,F,F,NA,,
802,SB-17/07/23-PM,2,2,NA,NA,PCLI,2.4,2,10,8,NA,0,0,F,P ,NA,,
803,SB-17/07/23-PM,2,2,NA,NA,PCLI,2.4,2,12,8,NA,0,0,F,P ,NA,,
804,SB-17/07/23-PM,2,2,NA,NA,PCLI,2.4,2,8,7,NA,0,0,F,P ,NA,,
805,SB-17/07/23-PM,2,2,NA,NA,MMEA,2.4,1,9,7,4,0,0,F,PB,NA,,
806,SB-17/07/23-PM,2,2,NA,NA,PCLI,2.4,1,11,10,3,0,0,F,P ,NA,,
807,SB-17/07/23-PM,2,2,NA,NA,PAST,2.1,1,12,10,6,0,0,F,F,NA,,
808,SB-17/07/23-PM,2,2,NA,NA,PAST,2.1,1,4,3,5,0,0,F,F,NA,,
809,SB-17/07/23-PM,2,2,NA,NA,PAST,2.1,1,10,5,3,0,0,F,F,NA,,
810,SB-17/07/23-PM,2,2,NA,NA,PAST,2.1,1,7,5,3,0,0,F,F,NA,,
811,SB-17/07/23-PM,2,2,NA,NA,PAST,2.1,2,11,12,NA,0,0,F,F,NA,,
812,SB-17/07/23-PM,2,2,NA,NA,PAST,2.1,1,9,6,7,0.4,0,F,PB,NA,,
813,SB-17/07/23-PM,2,2,NA,NA,PAST,2.4,2,10,11,NA,0,0,F,F,NA,,
814,SB-17/07/23-PM,2,2,NA,NA,PAST,2.1,2,12,8,NA,0,0,F,F,NA,,
815,SB-17/07/23-PM,2,2,NA,NA,PAST,2.1,1,12,8,5,0.1,0.1,T,F,NA,,
816,SB-17/07/23-PM,2,3,NA,NA,MMEA,2.7,1,12,6,6,0,0,F,F,NA,,
817,SB-17/07/23-PM,2,3,NA,NA,PCLI,3.4,1,20,21,8,0,0,F,P,NA,,
818,SB-17/07/23-PM,2,3,NA,NA,PSTR,3.4,2,4,3,NA,0,0,F,F,Circle-ish,,
819,SB-17/07/23-PM,2,3,NA,NA,SSID,3,1,14,13,18,0,0,F,F,NA,,
820,SB-17/07/23-PM,2,3,NA,NA,PSTR,3,1,7,5,3,0,0,F,P,NA,,
821,SB-17/07/23-PM,2,3,NA,NA,MMEA,3,2,9,7,NA,0,0,F,F,NA,,
822,SB-17/07/23-PM,2,3,NA,NA,PCLI,3.4,1,19,12,5,0,0,F,F,NA,,
823,SB-17/07/23-PM,2,3,NA,NA,PCLI,3.4,1,26,20,8,0,0,F,F,NA,,
824,SB-17/07/23-PM,2,3,NA,NA,PCLI,3.4,2,26,25,NA,0,0,F,F,Circle-ish,,
825,SB-17/07/23-PM,2,3,NA,NA,PSTR,3.4,1,35,34,16,0.4,0,F,PB,NA,,
826,SB-17/07/23-PM,2,3,NA,NA,PCLI,3.4,2,32,31,NA,0,0,F,F,Circle-ish,,
827,SB-17/07/23-PM,2,3,NA,NA,CNAT,3.4,1,22,21,17,0,0,F,F,NA,,
828,SB-17/07/23-PM,2,3,NA,NA,PCLI,3.4,2,31,30,NA,0,0,F,F,Circle-ish,,
829,SB-17/07/23-PM,2,3,NA,NA,PSTR,3.4,1,25,24,11,0.5,0.2,T,F,NA,,
830,SB-17/07/23-PM,2,3,NA,NA,PCLI,3.4,1,17,16,10,0,0,F,F,NA,,
831,SB-17/07/23-PM,2,3,NA,NA,PCLI,3.4,2,27,33,NA,0,0,F,F,NA,,
832,SB-17/07/23-PM,2,3,NA,NA,MMEA,3.4,1,4,3,3,0,0,F,F,NA,,
833,SB-17/07/23-PM,2,3,NA,NA,MMEA,3.4,2,5,4,NA,0,0,F,F,NA,,
834,SB-17/07/23-PM,2,3,NA,NA,MMEA,3.4,1,8,7,4,0,0,F,F,NA,,
835,SB-17/07/23-PM,2,3,NA,NA,PCLI,3.4,1,24,17,13,0.4,0,F,PB,NA,,
836,SB-17/07/23-PM,2,3,NA,NA,PCLI,3.4,1,30,27,14,0,0,F,P,NA,,
837,SB-17/07/23-PM,2,3,NA,NA,MMEA,3.4,2,8,7,NA,0,0,F,F,NA,,
838,SB-17/07/23-PM,2,3,NA,NA,PSTR,3.4,2,8,7,NA,0,0,F,P,NA,,
839,SB-17/07/23-PM,2,3,NA,NA,CNAT,3.4,1,30,18,26,0.1,0,F,PB,NA,,
840,SB-17/07/23-PM,2,3,NA,NA,PSTR,3.4,1,17,13,14,0,0,F,F,NA,,
841,SB-17/07/23-PM,2,3,NA,NA,PCLI,3.4,2,5,4,NA,0,0,F,F,NA,,
842,SB-17/07/23-PM,2,3,NA,NA,SSID,3.4,1,40,44,39,0,0,F,F,NA,,
843,SB-17/07/23-PM,2,3,NA,NA,PCLI,3.4,2,11,10,NA,0,0,F,F,NA,,
844,SB-17/07/23-PM,2,3,NA,NA,PCLI,3.4,2,29,27,NA,0,0,F,F,NA,,
845,SB-17/07/23-PM,2,3,NA,NA,PSTR,3.4,2,17,8,NA,0,0,F,F,NA,,
846,SB-17/07/23-PM,2,3,NA,NA,MMEA,3.4,1,11,9,6,0,0,F,F,NA,,
847,SB-17/07/23-PM,2,3,NA,NA,PCLI,3.4,2,22,21,NA,0.3,0.1,T,F,NA,,
848,SB-17/07/23-PM,2,3,NA,NA,PSTR,3.4,1,21,17,13,0.6,0.6,T,F,NA,,
849,SB-17/07/23-PM,2,3,NA,NA,PCLI,3.4,1,19,9,13,0,0,F,F,NA,,
850,SB-17/07/23-PM,2,3,NA,NA,PSTR,3.4,1,19,14,10,0,0,F,P,Predation (parrotfish),,
851,SB-17/07/23-PM,2,3,NA,NA,PSTR,3.4,2,10,11,NA,0,0,F,P,NA,,
852,SB-19/07/23-PM,6,7,NA,NA,PSTR,4.3,2,6,5,NA,0,0,F,F,NA,,
853,SB-19/07/23-PM,6,7,NA,NA,PSTR,4.3,2,8,6,NA,0,0,F,F,NA,,
854,SB-19/07/23-PM,6,7,NA,NA,SSID,4,1,69,29,18,0.6,0,F,PB,NA,,
855,SB-19/07/23-PM,6,7,NA,NA,PCLI,4,2,16,13,NA,0.3,0.3,T,F,NA,,
856,SB-19/07/23-PM,6,7,NA,NA,SSID,4,1,30,28,54,0.5,0,F,PB,NA,,
857,SB-19/07/23-PM,6,7,NA,NA,PCLI,4,2,14,17,NA,0.15,0.15,F,F,NA,,
858,SB-19/07/23-PM,6,7,NA,NA,SSID,3.4,1,34,17,16,0.7,0,F,PB,NA,,
859,SB-19/07/23-PM,6,7,NA,NA,PCLI,3,2,23,17,NA,0,0,F,P ,NA,,
860,SB-19/07/23-PM,6,7,NA,NA,PSTR,3.4,2,11,12,NA,0.5,0.3,T,F,NA,,
861,SB-19/07/23-PM,6,7,NA,NA,MMEA,4.3,2,8,9,NA,0,0,F,F,NA,,
862,SB-19/07/23-PM,6,7,NA,NA,PCLI,4,2,27,21,NA,0.7,0.3,T,F,NA,,
863,SB-19/07/23-PM,6,7,NA,NA,OANN,3.7,1,28,21,27,0.5,0.3,T,F,NA,,
864,SB-19/07/23-PM,6,7,NA,NA,SSID,4,1,41,26,43,0.3,0,F,PB,NA,,
865,SB-19/07/23-PM,6,7,NA,NA,DLAB,3.4,2,20,9,NA,0.2,0,F,PB,NA,,
866,SB-19/07/23-PM,6,7,NA,NA,PCLI,3.4,2,11,6,NA,0.1,0.1,T,F,NA,,
867,SB-19/07/23-PM,6,7,NA,NA,PCLI,2.7,2,5,3,NA,0,0,F,P,NA,,
868,SB-19/07/23-PM,6,7,NA,NA,CNAT,2.1,1,20,21,29,0.35,0.05,T,F,NA,,
869,SB-19/07/23-PM,6,7,NA,NA,OANN,2.1,1,34,24,27,0,0,F,P,NA,,
870,SB-19/07/23-PM,6,7,NA,NA,OFRA,3.4,1,74,30,109,0.4,0.1,T,F,NA,,
871,SB-19/07/23-PM,6,7,NA,NA,PCLI,2.7,2,11,8,NA,0,0,F,P,NA,,
872,SB-19/07/23-PM,6,7,NA,NA,OFRA,2.7,1,113,28,96,0.4,0.2,T,F,NA,,
873,SB-19/07/23-PM,6,7,NA,NA,SSID,2.7,1,29,15,11,0,0,F,F,NA,,
874,SB-19/07/23-PM,6,7,NA,NA,OANN,2.7,3,22,21,12,0.3,0,F,O,NA,,
875,SB-19/07/23-PM,6,7,NA,NA,SSID,3,1,15,8,6,0,0,F,F,NA,,
876,SB-19/07/23-PM,6,7,NA,NA,CNAT,3,2,6,5,NA,0,0,F,F,NA,,
877,SB-19/07/23-PM,6,7,NA,NA,PCLI,3,2,10,8,NA,0,0,F,P,NA,,
878,SB-19/07/23-PM,6,7,NA,NA,PSTR,2.7,1,6,4,1,0,0,F,P,NA,,
879,SB-19/07/23-PM,6,7,NA,NA,PCLI,3.4,2,4,3,NA,0,0,F,F,NA,,
880,SB-19/07/23-PM,6,7,NA,NA,MCAV,3,2,25,18,NA,0,0,F,F,NA,,
881,SB-19/07/23-PM,6,7,NA,NA,SSID,3.4,1,29,22,30,0.22,0.02,T,F,NA,Looks like the disease has stopped spreading,
882,SB-19/07/23-PM,6,7,NA,NA,OANN,3.7,1,10,5,19,0,0,F,P,NA,,
883,SB-19/07/23-PM,6,6,NA,NA,PCLI,2.1,1,12,11,7,0,0,F,P,NA,,
884,SB-19/07/23-PM,6,6,NA,NA,PCLI,2.1,2,4,3,NA,0,0,F,F,NA,,
885,SB-19/07/23-PM,6,6,NA,NA,PSTR,2.7,2,9,3,NA,0,0,F,F,NA,,
886,SB-19/07/23-PM,6,6,NA,NA,PCLI,3,2,6,5,NA,0,0,F,PB,NA,,
887,SB-19/07/23-PM,6,6,NA,NA,OANN,2.7,1,62,32,50,0.45,0.05,T,F,OANN1-SH1,,
887,SB-19/07/23-PM,6,6,NA,NA,OANN,2.7,1,39,25,34,0.5,0.05,T,F,OANN2-SH1,,
887,SB-19/07/23-PM,6,6,NA,NA,OANN,2.7,1,44,50,28,0.55,0.1,T,F,OANN3-SH1,,
888,SB-19/07/23-PM,6,6,NA,NA,PCLI,3.4,2,7,5,NA,0,0,F,P,NA,,
889,SB-19/07/23-PM,6,6,NA,NA,PSTR,3.7,2,6,4,NA,0,0,F,F,NA,,
890,SB-19/07/23-PM,6,6,NA,NA,MMEA,2.7,1,9,7,4,0,0,F,F,NA,,
891,SB-19/07/23-PM,6,6,NA,NA,PSTR,3,2,3,3,NA,0,0,F,F,Circle-ish,,
892,SB-19/07/23-PM,6,6,NA,NA,PSTR,3,1,15,9,5,0,0,F,F,NA,,
893,SB-19/07/23-PM,6,6,NA,NA,PCLI,3,2,9,9,NA,0,0,F,F,NA,,
894,SB-19/07/23-PM,6,6,NA,NA,PSTR,3,1,26,10,19,0.3,0.3,T,F,"Predation (parrotfish), SCTL seemed to start spreading",,
895,SB-19/07/23-PM,6,6,NA,NA,PSTR,3,1,21,17,6,0.3,0,F,PB,NA,,
896,SB-19/07/23-PM,6,6,NA,NA,PSTR,3,2,9,7,NA,0.1,0,T,F,NA,,
897,SB-19/07/23-PM,6,6,NA,NA,MMEA,2.7,2,8,7,NA,0,0,F,P,NA,,
898,SB-19/07/23-PM,6,6,NA,NA,PCLI,2.7,2,14,15,NA,0.2,0.2,T,F,NA,,
899,SB-19/07/23-PM,6,6,NA,NA,SSID,2.7,2,6,5,NA,0,0,F,F,NA,,
900,SB-19/07/23-PM,6,6,NA,NA,OANN,2.4,1,70,29,60,0.5,0.1,T,F,NA,,
901,SB-19/07/23-PM,6,6,NA,NA,PCLI,3,2,10,8,NA,0,0,F,P,NA,,
902,SB-19/07/23-PM,6,6,NA,NA,PSTR,2.7,1,7,7,3,0,0,F,F,NA,,
903,SB-19/07/23-PM,6,6,NA,NA,PSTR,2.7,2,4,3,NA,0,0,F,F,NA,,
904,SB-19/07/23-PM,5,3,NA,NA,SSID,2.1,1,20,15,6,0,0,F,F,NA,,
905,SB-19/07/23-PM,5,3,NA,NA,PCLI,2.1,2,10,4,NA,0,0,F,P,NA,,
906,SB-19/07/23-PM,5,3,NA,NA,PSTR,2.1,2,18,14,NA,0,0,F,F,NA,,
907,SB-19/07/23-PM,5,3,NA,NA,PCLI,2.1,2,22,21,NA,0,0,F,F,NA,,
908,SB-19/07/23-PM,5,3,NA,NA,PSTR,1.8,2,8,6,NA,0,0,F,F,NA,,
909,SB-19/07/23-PM,5,3,NA,NA,PSTR,1.5,2,6,3,NA,0,0,F,F,NA,,
910,SB-19/07/23-PM,5,3,NA,NA,PSTR,2.1,2,9,6,NA,0,0,F,F,NA,,
911,SB-19/07/23-PM,5,3,NA,NA,PCLI,2.1,2,14,16,NA,0,0,F,P,NA,,
912,SB-19/07/23-PM,5,3,NA,NA,PCLI,2.1,2,8,6,NA,0,0,F,F,Predation (parrotfish),,
913,SB-19/07/23-PM,5,3,NA,NA,MMEA,1.8,1,9,8,4,0,0,F,F,NA,,
914,SB-19/07/23-IT,6,7,NA,NA,PSTR,3.4,1,20,20,28,0.1,0,F,F,NA,,
915,SB-19/07/23-IT,6,7,NA,NA,AAGA,3.4,2,13,14,NA,0,0,F,F,NA,,
916,SB-19/07/23-IT,6,7,NA,NA,AAGA,3.4,2,9,9,NA,0,0,F,F,NA,,
917,SB-19/07/23-IT,6,7,NA,NA,AAGA,3.4,2,12,12,NA,0.15,0,F,F,NA,,
918,SB-19/07/23-IT,6,7,NA,NA,PCLI,3.4,1,13,11,8,0,0,F,P,NA,,
919,SB-19/07/23-IT,6,7,NA,NA,OFRA,2.4,1,33,47,42,0.6,0.05,T,F,Same colony 2 lines,,
919,SB-19/07/23-IT,6,7,NA,NA,OFRA,2.4,1,56,20,44,0.75,0.05,T,F,NA,,
920,SB-19/07/23-IT,6,7,NA,NA,MMEA,3,1,9,7,1,0,0,F,F,Pic.3 Confirm ID ,,
921,SB-19/07/23-IT,6,7,NA,NA,CNAT,3,2,9,8,NA,0,0,F,F,Pic.1 Confirm ID ,,
922,SB-19/07/23-IT,6,7,NA,NA,CNAT,3,1,36,21,5,0,0,F,F,Pic.1 Confirm ID,,
923,SB-19/07/23-IT,6,7,NA,NA,MMEA,3,1,5,6,1,0,0,F,F,NA,,
924,SB-19/07/23-IT,6,7,NA,NA,MMEA,3,2,5,4,NA,0,0,F,F,NA,,
925,SB-19/07/23-IT,6,7,NA,NA,MMEA,3,2,10,7,NA,0,0,F,F,NA,,
926,SB-19/07/23-IT,6,7,NA,NA,PCLI,3.3,1,16,18,7,0,0,F,PB,NA,,
927,SB-19/07/23-IT,6,7,NA,NA,PCLI,3.3,2,10,11,NA,0,0,F,P,NA,,
928,SB-19/07/23-IT,6,7,NA,NA,SSID,3.3,1,18,10,10,0.2,0,F,F,NA,,
929,SB-19/07/23-IT,6,7,NA,NA,SSID,3.3,1,5,4,3,0.1,0,F,F,NA,,
930,SB-19/07/23-IT,6,7,NA,NA,PCLI,2.1,2,4,4,NA,0,0,F,F,NA,,
931,SB-19/07/23-IT,6,7,NA,NA,PCLI,2.8,1,6,6,7,0,0,F,F,NA,,
932,SB-19/07/23-IT,6,7,NA,NA,OFAV,3.1,1,38,10,35,0.2,0.05,T,F,NA,,
933,SB-19/07/23-IT,6,7,NA,NA,PSTR,3,1,33,25,15,0.02,0.02,T,F,Pic.4 Confirm ID ,,
934,SB-19/07/23-IT,6,7,NA,NA,PSTR,2.7,1,13,8,3,0,0,F,F,Pic.4 Confirm ID ,,
935,SB-19/07/23-IT,6,7,NA,NA,PSTR,2.7,1,29,14,7,0.95,0.3,T,F,Pic.4 Confirm ID ,,
936,SB-19/07/23-IT,6,7,NA,NA,PSTR,2.7,1,12,10,6,0,0,F,F,Pic.4 Confirm ID ,,
937,SB-19/07/23-IT,6,7,NA,NA,PSTR,2.7,1,20,13,9,1,0.3,T,F,Pic.4 Confirm ID ,,
938,SB-19/07/23-IT,6,7,NA,NA,PSTR,2.7,1,19,16,10,0.9,0,F,F,Pic.4 Confirm ID ,,
939,SB-19/07/23-IT,6,7,NA,NA,PSTR,2.7,1,18,14,7,0.6,0.6,T,F,Pic.4 Confirm ID ,,
940,SB-19/07/23-IT,6,7,NA,NA,PSTR,2.7,2,11,7,NA,0,0,F,F,Pic.4 Confirm ID ,,
941,SB-19/07/23-IT,6,7,NA,NA,PCLI,3.4,1,16,17,5,0,0,F,P,NA,,
942,SB-19/07/23-IT,6,7,NA,NA,CNAT,3.4,1,15,11,4,0.02,0.02,T,F,NA,,
943,SB-19/07/23-IT,6,7,NA,NA,OFAV,2.1,1,81,51,50,0.9,0.02,T,F,NA,,
944,SB-19/07/23-IT,6,7,NA,NA,OFAV,2.1,1,24,20,33,0.9,0,F,F,NA,,
945,SB-19/07/23-IT,6,7,NA,NA,OFAV,2.2,1,20,27,6,0.1,0,F,F,NA,,
945,SB-19/07/23-IT,6,7,NA,NA,OFAV,2.2,2,13,11,NA,0,0,F,F,NA,,
946,SB-19/07/23-IT,6,7,NA,NA,PCLI,2.6,1,18,17,4,0,0,F,P,NA,,
946,SB-19/07/23-IT,6,7,NA,NA,PCLI,2.6,2,8,6,NA,0,0,F,F,NA,,
947,SB-19/07/23-IT,6,7,NA,NA,AAGA,3.4,1,15,12,3,0,0,F,F,NA,,
948,SB-19/07/23-IT,6,7,NA,NA,OANN,4.3,1,29,23,24,0.1,0,F,F,NA,,
949,SB-19/07/23-IT,6,7,NA,NA,PSTR,4.3,2,6,5,NA,0,0,F,F,NA,,
950,SB-19/07/23-IT,6,7,NA,NA,PSTR,3.2,1,19,15,8,0.05,0.05,T,F,NA,,
951,SB-19/07/23-IT,6,7,NA,NA,SSID,3.2,2,12,10,NA,0.05,0,F,F,NA,,
952,SB-19/07/23-IT,6,7,NA,NA,OFRA,3.2,1,12,9,3,0,0,F,P,NA,,
953,SB-19/07/23-IT,6,7,NA,NA,PCLI,3,2,9,9,NA,0,0,F,P,NA,,
954,SB-19/07/23-IT,6,7,NA,NA,OFAV,3,1,12,13,5,0,0,F,F,NA,,
955,SB-19/07/23-IT,6,7,NA,NA,AAGA,3,2,20,10,NA,0.05,0,F,F,NA,,
956,SB-19/07/23-IT,6,6,NA,NA,PCLI,3.6,2,6,3,NA,0.1,,F,F,NA,,
957,SB-19/07/23-IT,6,6,NA,NA,OANN,2.9,1,40,21,45,0.15,,F,F,Same colony 2 lines,,
957,SB-19/07/23-IT,6,6,NA,NA,OANN,2.9,1,27,13,14,0.5,,F,F,NA,,
958,SB-19/07/23-IT,6,6,NA,NA,SSID,3.5,1,80,42,22,0.3,,F,PB,NA,,
959,SB-19/07/23-IT,6,6,NA,NA,OANN,3.6,1,31,20,22,0.2,,F,P,NA,,
960,SB-19/07/23-IT,6,6,NA,NA,OFAV,3.6,1,19,12,15,0.15,,F,F,Same colony 2 lines,,
960,SB-19/07/23-IT,6,6,NA,NA,OFAV,3.2,1,30,16,34,0.95,,F,F,NA,,
961,SB-19/07/23-IT,6,6,NA,NA,PCLI,2.4,1,9,9,6,0,,F,P,NA,,
962,SB-19/07/23-IT,6,6,NA,NA,OFAV,2.6,1,29,20,34,0.8,,F,F,Same colony 3 lines,,
962,SB-19/07/23-IT,6,6,NA,NA,OFAV,2.6,1,22,34,31,0.6,,F,F,NA,,
962,SB-19/07/23-IT,6,6,NA,NA,OFAV,2.6,1,18,17,18,0.9,,F,F,NA,,
963,SB-19/07/23-IT,6,6,NA,NA,OANN,3.6,1,17,16,34,0.5,,F,F,NA,,
964,SB-19/07/23-IT,6,6,NA,NA,OFAV,3,1,21,45,42,0.8,,F,F,NA,,
965,SB-19/07/23-IT,6,6,NA,NA,PSTR,2.4,1,4,4,3,0,,F,F,NA,,
966,SB-19/07/23-IT,6,6,NA,NA,PSTR,3.3,1,23,21,14,0.05,,F,F,NA,,
967,SB-19/07/23-IT,6,6,NA,NA,OFRA,3.6,1,34,18,17,0.25,,F,F,NA,,
968,SB-19/07/23-IT,6,6,NA,NA,CNAT,3,1,22,15,12,0.05,,F,F,NA,,
969,SB-19/07/23-IT,6,6,NA,NA,PCLI,2.5,1,23,28,12,0,,F,P,NA,,
970,SB-19/07/23-IT,6,6,NA,NA,OANN,2.8,1,28,2,3,0.8,0.05,T,F,NA,,
971,SB-19/07/23-IT,6,6,NA,NA,OANN,3,1,10,9,9,0.6,,F,F,NA,,
972,SB-19/07/23-IT,6,6,NA,NA,OANN,3.4,1,16,10,11,0.75,,F,F,NA,,
973,SB-19/07/23-IT,6,6,NA,NA,OANN,2,1,25,23,21,0.8,,F,F,NA,,
974,SB-19/07/23-IT,6,6,NA,NA,OANN,2,1,83,47,45,0.8,,F,F,NA,,
975,SB-19/07/23-IT,6,6,NA,NA,OFRA,2,2,20,12,NA,0,,F,F,NA,,
976,SB-19/07/23-IT,6,6,NA,NA,PCLI,2,2,9,10,NA,0,,F,P,NA,,
977,SB-19/07/23-IT,6,6,NA,NA,PCLI,2,1,17,19,3,0,,F,P,NA,,
978,SB-19/07/23-IT,6,6,NA,NA,OFAV,3,1,18,13,15,0.05,0.02,T,F,NA,,
979,SB-19/07/23-IT,6,6,NA,NA,CNAT,2.5,1,16,13,10,0.05,,F,F,NA,,
980,SB-19/07/23-IT,6,6,NA,NA,OANN,2.5,1,18,16,15,0,,F,F,NA,,
981,SB-19/07/23-IT,6,6,NA,NA,OANN,3,1,19,17,35,0.1,0.02,T,F,NA,,
982,SB-19/07/23-IT,6,6,NA,NA,OANN,3,1,31,16,29,0.2,0.02,T,F,NA,,
983,SB-19/07/23-IT,6,6,NA,NA,PCLI,3,2,8,6,NA,0,,F,PB,NA,,
984,SB-19/07/23-IT,6,6,NA,NA,OANN,3,1,86,37,42,0.15,0.02,T,F,NA,,
985,SB-19/07/23-IT,6,6,NA,NA,OANN,3,1,55,44,43,0.3,0.05,T,F,NA,,
986,SB-19/07/23-IT,5,3,NA,NA,CNAT,1.7,1,12,12,4,0.1,0,F,F,NA,,
987,SB-19/07/23-IT,5,3,NA,NA,CNAT,2,1,18,17,9,0,0,F,F,NA,,
988,SB-19/07/23-IT,5,3,NA,NA,PCLI,2,2,4,4,NA,0,0,F,F,NA,,
989,SB-19/07/23-IT,5,3,NA,NA,MMEA,2,1,9,6,3,0,0,F,F,NA,,
990,SB-19/07/23-IT,5,3,NA,NA,MMEA,2,1,3,3,2,0,0,F,F,NA,,
991,SB-19/07/23-IT,5,3,NA,NA,PCLI,2,2,11,6,NA,0,0,F,F,NA,,
992,SB-19/07/23-IT,5,3,NA,NA,MMEA,2.4,1,16,16,9,0,0,F,F,NA,,
993,SB-19/07/23-IT,5,3,NA,NA,MMEA,2.4,2,4,4,NA,0,0,F,F,NA,,
994,SB-21/07/23-IT,1,1,NA,NA,PSTR,1.7,1,20,20,9,0.8,0,F,F,NA,,
995,SB-21/07/23-IT,1,1,NA,NA,PCLI,1.7,1,16,9,5,0,0,F,F,P,,
996,SB-21/07/23-IT,1,1,NA,NA,CNAT,1.7,1,22,22,17,0.05,0,F,F,P,,
997,SB-21/07/23-IT,1,1,NA,NA,CNAT,1.7,2,5,4,NA,0,0,F,F,NA,,
998,SB-21/07/23-IT,1,1,NA,NA,PCLI,1.7,1,25,22,20,0.02,0,F,F,NA,,
999,SB-21/07/23-IT,1,1,NA,NA,CNAT,1.7,1,6,6,2,0,0,F,F,PB,,
1000,SB-21/07/23-IT,1,1,NA,NA,CNAT,1.7,2,2,2,NA,0,0,F,F,NA,,
1001,SB-21/07/23-IT,1,1,NA,NA,CNAT,1.7,1,3,3,2,0,0,F,F,NA,,
1002,SB-21/07/23-IT,1,1,NA,NA,PCLI,1.7,1,16,20,12,0.6,0,F,F,PB,,
1003,SB-21/07/23-IT,1,1,NA,NA,PCLI,1.7,1,24,23,13,0.8,0,F,F,PB,,
1004,SB-21/07/23-IT,1,1,NA,NA,CNAT,1.7,2,2,2,NA,0,0,F,F,NA,,
1005,SB-21/07/23-IT,1,1,NA,NA,PCLI,1.7,1,19,20,11,0.05,0,F,F,PB,,
1006,SB-21/07/23-IT,1,1,NA,NA,PCLI,1.7,1,24,20,11,0.02,0,F,F,PB,,
1007,SB-21/07/23-IT,1,1,NA,NA,MMEA,1.7,1,7,7,3,0,0,F,F,NA,,
1008,SB-21/07/23-IT,1,2,NA,NA,CNAT,1.5,1,11,9,10,0,0,F,F,NA,,
1009,SB-21/07/23-IT,1,2,NA,NA,PCLI,1.5,1,16,14,9,0.6,0,F,F,NA,,
1010,SB-21/07/23-IT,1,2,NA,NA,CNAT,1.5,1,7,6,3,0,0,F,F,NA,,
1011,SB-21/07/23-IT,1,2,NA,NA,PSTR,1.5,2,6,3,NA,0,0,F,F,NA,,
1012,SB-21/07/23-IT,1,2,NA,NA,PSTR,1.5,1,6,6,4,0,0,F,F,NA,,
1013,SB-21/07/23-IT,1,2,NA,NA,PCLI,1.5,1,17,19,6,0,0,F,F,NA,,
1014,SB-21/07/23-IT,1,2,NA,NA,PCLI,1.5,1,18,18,8,0.05,0,F,F,NA,,
1015,SB-21/07/23-IT,1,2,NA,NA,MMEA,1.5,1,9,8,8,0,0,F,B,NA,,
1016,SB-21/07/23-IT,1,2,NA,NA,CNAT,1.5,1,4,4,1,0,0,F,F,NA,,
1017,SB-21/07/23-IT,1,2,NA,NA,PCLI,1.5,1,8,8,3,0,0,F,F,NA,,
1018,SB-21/07/23-IT,1,2,NA,NA,CNAT,1.5,1,9,7,4,0,0,F,F,NA,,
1019,SB-21/07/23-IT,1,2,NA,NA,PCLI,1.5,2,5,5,NA,0,0,F,F,NA,,
1020,SB-21/07/23-IT,1,2,NA,NA,PCLI,1.5,1,6,5,2,0,0,F,F,NA,,
1021,SB-21/07/23-IT,1,2,NA,NA,SSID,1.5,1,19,23,17,0.75,0,F,F,NA,,
1022,SB-21/07/23-IT,1,2,NA,NA,CNAT,1.5,2,2,2,NA,0,0,F,F,NA,,
1023,SB-21/07/23-IT,1,2,NA,NA,PCLI,1.5,2,9,6,NA,0,0,F,F,NA,,
1024,SB-21/07/23-IT,1,3,NA,NA,PCLI,2.6,1,14,12,4,0,0,F,PB,NA,,
1025,SB-21/07/23-IT,1,3,NA,NA,CNAT,2.6,1,23,20,7,0.5,0,F,F,NA,,
1026,SB-21/07/23-IT,1,3,NA,NA,CNAT,2.6,1,26,24,25,0.5,0.02,T,F,NA,,
1027,SB-21/07/23-IT,1,3,NA,NA,PSTR,2.6,1,26,28,12,0.2,0.15,T,F,NA,,
1028,SB-21/07/23-IT,1,3,NA,NA,PCLI,2.6,1,24,20,10,0.05,0,F,F,NA,,
1029,SB-21/07/23-IT,1,3,NA,NA,PCLI,2.6,1,21,19,10,0,0,F,PB,NA,,
1030,SB-21/07/23-IT,1,3,NA,NA,SSID,2.6,1,28,29,10,0.05,0,F,F,NA,,
1031,SB-21/07/23-IT,1,3,NA,NA,PCLI,2.6,2,7,7,NA,0,0,F,F,NA,,
1032,SB-21/07/23-IT,1,3,NA,NA,PCLI,2.6,1,14,14,10,0.2,0,F,F,NA,,
1033,SB-21/07/23-IT,1,3,NA,NA,PCLI,2.6,1,20,23,12,0.6,0,F,F,NA,,
1034,SB-21/07/23-IT,1,3,NA,NA,PSTR,2.6,1,55,34,33,0.6,0.1,T,F,NA,,
1035,SB-21/07/23-IT,1,3,NA,NA,PSTR,2.6,1,33,27,22,0.7,0,F,F,NA,,
1036,SB-21/07/23-IT,1,3,NA,NA,CNAT,2.6,1,8,8,4,0,0,F,F,NA,,
1037,SB-21/07/23-IT,1,3,NA,NA,CNAT,2.6,1,8,7,8,0,0,F,F,NA,,
1038,SB-21/07/23-IT,1,3,NA,NA,PCLI,2.6,1,10,10,2,0,0,F,F,NA,,
1039,SB-21/07/23-IT,1,3,NA,NA,CNAT,2.6,1,14,16,10,0.05,0,F,F,NA,,
1040,SB-21/07/23-IT,1,3,NA,NA,PCLI,2.6,1,23,27,8,0.15,0,F,PB,NA,,
1041,SB-21/07/23-IT,1,3,NA,NA,CNAT,2.6,1,11,12,7,0.02,0.02,T,F,NA,,
1042,SB-21/07/23-IT,1,3,NA,NA,PCLI,2.6,2,4,4,NA,0,0,F,F,NA,,
1043,SB-21/07/23-IT,1,3,NA,NA,CNAT,2.6,1,19,16,14,0.5,0,F,F,NA,,
1044,SB-21/07/23-IT,1,3,NA,NA,PCLI,2.6,1,18,29,23,0.2,0,F,PB,NA,,
1045,SB-21/07/23-IT,1,3,NA,NA,SSID,2.6,1,18,17,18,0.5,0,F,P,NA,,
1046,SB-21/07/23-IT,1,3,NA,NA,PCLI,2.6,1,24,23,8,0,0,F,P,NA,,
1047,SB-21/07/23-IT,1,3,NA,NA,PCLI,2.6,1,23,23,8,0,0,F,P,NA,,
1048,SB-21/07/23-IT,1,3,NA,NA,MMEA,2.6,1,28,21,14,0.05,0,F,F,Pic.1 Confirm ID,,
1049,SB-21/07/23-IT,1,3,NA,NA,PCLI,2.6,2,8,8,NA,0,0,F,F,NA,,
1050,SB-21/07/23-IT,1,3,NA,NA,PCLI,2.6,1,23,17,10,0.5,0,F,P,NA,,
1051,SB-21/07/23-PM,1,1,NA,NA,PCLI,1.8,2,8,7,NA,0,0,F,P,NA,,
1052,SB-21/07/23-PM,1,1,NA,NA,CNAT,1.8,1,28,24,16,0,0,F,P,Two FB nearby,,
1053,SB-21/07/23-PM,1,1,NA,NA,CNAT,1.8,1,29,9,19,0.2,0.05,T,F,On the mends,,
1054,SB-21/07/23-PM,1,1,NA,NA,PCLI,1.8,1,24,26,15,0,0,F,F,NA,,
1055,SB-21/07/23-PM,1,1,NA,NA,SSID,1.8,1,20,12,7,0,0,F,F,NA,,
1056,SB-21/07/23-PM,1,1,NA,NA,PCLI,1.8,1,25,22,23,0.3,0.15,T,F,NA,,
1057,SB-21/07/23-PM,1,1,NA,NA,PCLI,1.8,1,19,20,11,0.2,0.2,T,F,NA,,
1058,SB-21/07/23-PM,1,1,NA,NA,PCLI,1.8,2,10,6,NA,0.1,0.1,T,F,NA,,
1059,SB-21/07/23-PM,1,1,NA,NA,MMEA,1.8,1,10,8,9,0.05,0.05,T,F,NA,,
1060,SB-21/07/23-PM,1,1,NA,NA,SINT,1.8,1,17,12,3,0,0,F,F,NA,,
1061,SB-21/07/23-PM,1,1,NA,NA,SSID,1.8,1,35,25,20,0.3,0,F,PB,Predation (urchins),,
1062,SB-21/07/23-PM,1,1,NA,NA,PCLI,1.8,2,6,7,NA,0,0,F,F,NA,,
1063,SB-21/07/23-PM,1,1,NA,NA,PCLI,1.8,2,7,5,NA,0,0,F,F,NA,,
1064,SB-21/07/23-PM,1,1,NA,NA,PCLI,1.8,2,24,19,NA,0.2,0.2,T,F,NA,,
1065,SB-21/07/23-PM,1,1,NA,NA,PCLI,1.8,1,33,26,27,0,0,F,F,NA,,
1066,SB-21/07/23-PM,1,1,NA,NA,PCLI,1.8,2,5,4,NA,0.05,0.05,T,F,NA,,
1067,SB-21/07/23-PM,1,1,NA,NA,PCLI,1.8,2,7,5,NA,0,0,F,F,NA,,
1068,SB-21/07/23-PM,1,1,NA,NA,PCLI,1.8,2,26,9,NA,0,0,F,F,NA,,
1069,SB-21/07/23-PM,1,1,NA,NA,PCLI,1.8,1,18,12,7,0,0,F,F,NA,,
1070,SB-21/07/23-PM,1,1,NA,NA,PSTR,1.8,2,7,6,NA,0,0,F,F,NA,,
1071,SB-21/07/23-PM,1,1,NA,NA,PCLI,1.8,2,27,25,NA,0.6,0.1,T,F,NA,,
1072,SB-21/07/23-PM,1,1,NA,NA,PCLI,1.8,1,29,23,19,0.3,0.2,T,F,NA,,
1073,SB-21/07/23-PM,1,1,NA,NA,CNAT,1.8,1,23,14,21,0,0,F,F,Predation (urchins),,
1074,SB-21/07/23-PM,1,2,NA,NA,PCLI,2.1,2,8,5,NA,0,0,F,F,NA,,
1075,SB-21/07/23-PM,1,2,NA,NA,PCLI,2.1,2,18,16,NA,0,0,F,F,NA,,
1076,SB-21/07/23-PM,1,2,NA,NA,DLAB,2.1,1,16,18,23,0.6,0,F,PB,NA,,
1077,SB-21/07/23-PM,1,2,NA,NA,CNAT,2.1,1,26,19,24,0.6,0,F,PB,NA,,
1078,SB-21/07/23-PM,1,2,NA,NA,PSTR,2.1,1,10,9,4,0,0,F,F,NA,,
1079,SB-21/07/23-PM,1,2,NA,NA,SSID,2.1,1,17,9,10,0.4,0,F,PB,NA,,
1080,SB-21/07/23-PM,1,2,NA,NA,PCLI,2.1,1,39,30,31,0,0,F,F,Bright blue,,
1081,SB-21/07/23-PM,1,2,NA,NA,PSTR,2.1,1,22,13,21,0.3,0.3,T,F,NA,,
1082,SB-21/07/23-PM,1,2,NA,NA,PCLI,2.1,2,8,2,NA,0,0,F,F,NA,,
1083,SB-21/07/23-PM,1,2,NA,NA,PCLI,2.1,1,19,18,7,0.4,0,F,PB,NA,,
1084,SB-21/07/23-PM,1,2,NA,NA,PSTR,2.1,1,18,16,13,1,0.1,T,F,NA,,
1085,SB-21/07/23-PM,1,2,NA,NA,PCLI,2.1,1,31,25,11,0,0,F,F,NA,,
1086,SB-21/07/23-PM,1,2,NA,NA,PSTR,2.1,2,15,10,NA,0,0,F,F,NA,,
1087,SB-21/07/23-PM,1,2,NA,NA,CNAT,2.1,1,10,9,8,0.2,0.15,T,F,NA,,
1088,SB-21/07/23-PM,1,2,NA,NA,PSTR,2.1,1,7,7,2,0,0,F,F,NA,,
1089,SB-21/07/23-PM,1,2,NA,NA,PCLI,2.1,1,17,19,6,0,0,F,P,NA,,
1090,SB-21/07/23-PM,1,2,NA,NA,DSTO,2.4,1,23,16,20,0.77,0.07,F,O,NA,,
1091,SB-21/07/23-PM,1,3,NA,NA,MMEA,2.4,1,13,12,7,0.1,0.1,T,F,NA,,
1092,SB-21/07/23-PM,1,3,NA,NA,PCLI,2.4,2,11,8,NA,0,0,F,F,NA,,
1093,SB-21/07/23-PM,1,3,NA,NA,PCLI,2.4,2,22,19,NA,0,0,F,P,NA,,
1094,SB-21/07/23-PM,1,3,NA,NA,PCLI,2.4,1,28,21,19,0,0,F,F,NA,,
1095,SB-21/07/23-PM,1,3,NA,NA,MMEA,2.4,1,14,12,4,0.1,0.1,T,F,NA,,
1096,SB-21/07/23-PM,1,3,NA,NA,PCLI,2.7,1,13,4,20,0.3,0,F,PB,NA,,
1097,SB-21/07/23-PM,1,3,NA,NA,SSID,2.7,1,12,9,4,0,0,F,F,NA,,
1098,SB-21/07/23-PM,1,3,NA,NA,PCLI,2.7,1,12,7,6,0,0,F,F,NA,,
1099,SB-21/07/23-PM,1,3,NA,NA,PCLI,2.7,1,31,21,17,0,0,F,F,NA,,
1100,SB-21/07/23-PM,1,3,NA,NA,CNAT,2.7,1,11,11,9,0.1,0.1,F,T,NA,,
1101,SB-21/07/23-PM,1,3,NA,NA,PSTR,2.7,1,27,23,17,0,0,F,F,NA,,
1102,SB-21/07/23-PM,1,3,NA,NA,PSTR,3,1,9,7,5,0.3,0.2,F,T,NA,,
1103,SB-21/07/23-PM,1,3,NA,NA,PCLI,3,1,21,17,9,0.3,0,F,PB,NA,,
1104,SB-21/07/23-PM,1,3,NA,NA,PCLI,3,1,12,17,21,0,0,F,P,NA,,
1105,SB-21/07/23-PM,1,3,NA,NA,MMEA,3,1,10,8,9,0,0,F,F,NA,,
1106,SB-21/07/23-PM,1,3,NA,NA,PSTR,3,1,11,12,11,0.1,0.1,T,F,NA,,
1107,SB-21/07/23-PM,1,3,NA,NA,CNAT,3,1,34,38,17,0,0,F,F,NA,,
1108,SB-21/07/23-PM,1,3,NA,NA,MMEA,3,1,19,18,21,0,0,F,P,NA,,
1109,SB-21/07/23-PM,1,3,NA,NA,PCLI,3,2,13,10,NA,0.4,0,F,PB,NA,,
1110,SB-21/07/23-PM,1,3,NA,NA,PSTR,3,1,11,11,5,0.1,0.1,T,F,NA,,
1111,SB-21/07/23-PM,1,3,NA,NA,PAST,2.7,1,13,9,3,0.95,0.9,T,F,NA,,
1112,SB-21/07/23-PM,1,3,NA,NA,PAST,2.7,1,8,5,4,0,0,F,F,NA,,
1113,SB-21/07/23-PM,1,3,NA,NA,PAST,2.7,1,9,8,4,0,0,F,F,NA,,
1114,SB-21/07/23-PM,1,3,NA,NA,PAST,2.7,1,8,7,3,0,0,F,F,NA,,
1115,SB-21/07/23-PM,1,3,NA,NA,PAST,2.7,2,5,5,NA,0,0,F,F,NA,,
1116,SB-21/07/23-PM,1,3,NA,NA,PAST,2.7,2,9,6,NA,0,0,F,F,NA,,
1117,SB-21/07/23-PM,1,3,NA,NA,PAST,2.7,1,8,5,12,0,0,F,F,NA,,
1118,SB-21/07/23-PM,1,3,NA,NA,PAST,2.7,1,7,8,11,0,0,F,F,NA,,
1119,SB-21/07/23-PM,1,3,NA,NA,PAST,2.7,1,10,9,8,0,0,F,F,NA,,
1120,SB-21/07/23-PM,1,3,NA,NA,PAST,2.7,1,22,9,15,0.3,0,F,PB,NA,,
1121,SB-21/07/23-PM,1,3,NA,NA,PAST,2.7,1,13,10,7,0,0,F,F,NA,,
1122,SB-21/07/23-PM,1,3,NA,NA,PAST,2.7,1,11,10,12,0,0,F,F,NA,,
1123,SB-21/07/23-PM,1,3,NA,NA,PAST,2.7,1,24,16,18,0,0,F,F,NA,,
1124,SB-21/07/23-PM,1,3,NA,NA,PAST,2.7,2,18,3,NA,0,0,F,F,NA,,
1125,SB-21/07/23-PM,1,3,NA,NA,PAST,2.7,1,15,10,8,0,0,F,F,NA,,
1126,SB-21/07/23-PM,1,3,NA,NA,PAST,2.7,2,7,7,NA,0.5,0.5,T,F,NA,,
1127,SB-21/07/23-PM,1,3,NA,NA,PAST,2.7,1,13,14,11,0,0,F,F,NA,,
1128,SB-26/07/23-IT,2,5,NA,NA,PCLI,2.5,1,13,14,8,0,0,F,F,NA,,
1129,SB-26/07/23-IT,2,5,NA,NA,PCLI,2.5,1,10,11,3,0,0,F,F,NA,,
1130,SB-26/07/23-IT,2,5,NA,NA,PCLI,2.5,1,12,12,5,0,0,F,F,NA,,
1131,SB-26/07/23-IT,2,5,NA,NA,PSTR,2.5,1,10,9,11,0,0,F,P,NA,,
1132,SB-26/07/23-IT,2,5,NA,NA,PCLI,2.8,1,8,7,2,0,0,F,F,NA,,
1133,SB-26/07/23-IT,2,5,NA,NA,PSTR,2.8,1,11,11,7,0,0,F,F,NA,,
1134,SB-26/07/23-IT,2,5,NA,NA,PCLI,2.8,2,11,8,NA,0,0,F,F,NA,,
1135,SB-26/07/23-IT,2,5,NA,NA,PCLI,2.8,2,7,5,NA,0,0,F,F,NA,,
1136,SB-26/07/23-IT,2,5,NA,NA,PCLI,2.5,2,14,10,NA,0,0,F,F,NA,,
1137,SB-26/07/23-IT,2,5,NA,NA,PCLI,2.5,1,22,11,5,0,0,F,F,NA,,
1138,SB-26/07/23-IT,2,5,NA,NA,PCLI,2.5,1,41,29,31,0.7,0,F,F,NA,,
1139,SB-26/07/23-IT,2,5,NA,NA,PCLI,2.5,1,14,11,11,0.3,0.25,T,P,NA,,
1140,SB-26/07/23-IT,2,5,NA,NA,SSID,2.5,2,6,5,NA,0,0,F,F,NA,,
1141,SB-26/07/23-IT,2,5,NA,NA,PCLI,2.5,2,14,9,NA,0,0,F,F,NA,,
1142,SB-26/07/23-IT,2,5,NA,NA,MMEA,2.5,2,6,3,NA,0,0,F,F,NA,,
1143,SB-26/07/23-IT,2,5,NA,NA,PSTR,2.5,2,10,9,NA,0,0,F,F,NA,,
1144,SB-26/07/23-IT,2,5,NA,NA,MMEA,2.5,1,10,10,4,0,0,F,F,NA,,
1145,SB-26/07/23-IT,2,5,NA,NA,MMEA,2.7,1,6,6,4,0,0,F,F,NA,,
1146,SB-26/07/23-IT,2,5,NA,NA,PCLI,2.7,1,30,21,16,0.15,0,F,F,NA,,
1147,SB-26/07/23-IT,2,5,NA,NA,CNAT,2.7,1,22,17,17,0.1,0.02,T,F,NA,,
1148,SB-26/07/23-IT,2,5,NA,NA,CNAT,2.7,1,7,6,2,0,0,F,F,NA,,
1149,SB-26/07/23-IT,2,5,NA,NA,CNAT,2.4,1,11,12,6,0,0,F,F,NA,,
1150,SB-26/07/23-IT,2,5,NA,NA,PCLI,2.4,2,9,9,NA,0,0,F,P,NA,,
1151,SB-26/07/23-IT,2,5,NA,NA,PCLI,2.4,1,8,9,3,0.5,0.4,T,F,NA,,
1152,SB-26/07/23-IT,2,5,NA,NA,CNAT,2.6,1,11,11,8,0,0,F,F,NA,,
1153,SB-26/07/23-IT,2,5,NA,NA,PAST,3,1,7,5,2,0,0,F,F,NA,,
1154,SB-26/07/23-IT,2,5,NA,NA,PAST,3,2,4,2,NA,0,0,F,F,NA,,
1155,SB-26/07/23-IT,2,5,NA,NA,PAST,3,2,4,4,NA,0,0,F,F,NA,,
1156,SB-26/07/23-IT,2,5,NA,NA,PAST,3,1,13,7,4,0,0,F,F,NA,,
1157,SB-26/07/23-IT,2,5,NA,NA,PAST,3,1,7,7,9,0,0,F,F,NA,,
1158,SB-26/07/23-IT,2,5,NA,NA,PAST,3,2,8,8,NA,0,0,F,F,NA,,
1159,SB-26/07/23-IT,2,5,NA,NA,PAST,3,1,7,8,3,0,0,F,F,NA,,
1160,SB-26/07/23-IT,2,5,NA,NA,PAST,3,2,8,8,NA,0,0,F,F,NA,,
1161,SB-26/07/23-IT,2,5,NA,NA,PAST,3,2,9,8,NA,0.05,0,F,F,NA,,
1162,SB-26/07/23-IT,2,5,NA,NA,PAST,3,2,4,4,NA,0,0,F,F,NA,,
1163,SB-26/07/23-IT,2,5,NA,NA,PAST,3,2,2,2,NA,0,0,F,F,NA,,
1164,SB-26/07/23-IT,2,5,NA,NA,PAST,3,1,10,6,5,0,0,F,F,NA,,
1165,SB-26/07/23-IT,2,5,NA,NA,PAST,3,1,20,14,6,0.1,0,F,PB,NA,,
1166,SB-26/07/23-IT,2,5,NA,NA,PAST,3,2,9,6,NA,0,0,F,F,NA,,
1167,SB-26/07/23-IT,2,5,NA,NA,PAST,3,2,4,2,NA,0,0,F,F,NA,,
1168,SB-26/07/23-IT,2,5,NA,NA,PAST,3,1,6,6,1,0,0,F,F,NA,,
1169,SB-26/07/23-IT,2,5,NA,NA,PAST,3,2,6,4,NA,0,0,F,F,NA,,
1170,SB-26/07/23-IT,2,5,NA,NA,PAST,3,1,5,5,2,0,0,F,F,NA,,
1171,SB-26/07/23-IT,2,5,NA,NA,PAST,3,2,2,2,NA,0,0,F,F,NA,,
1172,SB-26/07/23-IT,2,5,NA,NA,PAST,3,1,5,5,4,0,0,F,F,NA,,
1173,SB-26/07/23-IT,2,5,NA,NA,PAST,3,1,7,6,5,0,0,F,F,NA,,
1174,SB-26/07/23-IT,2,5,NA,NA,PAST,3,2,10,5,NA,0.5,0,F,F,NA,,
1175,SB-26/07/23-IT,2,5,NA,NA,PAST,3,1,7,6,3,0,0,F,F,NA,,
1176,SB-26/07/23-IT,2,5,NA,NA,PAST,3.5,2,3,2,NA,0,0,F,F,NA,,
1177,SB-26/07/23-IT,2,5,NA,NA,PAST,3.5,2,7,5,NA,0,0,F,F,NA,,
1178,SB-26/07/23-IT,2,5,NA,NA,PAST,3.5,1,10,9,4,0.6,0,F,F,NA,,
1179,SB-26/07/23-IT,2,5,NA,NA,PAST,3.5,2,8,10,NA,0,0,F,F,NA,,
1180,SB-26/07/23-IT,2,5,NA,NA,PAST,3.5,2,7,10,NA,0,0,F,F,NA,,
1181,SB-26/07/23-IT,2,5,NA,NA,PAST,3.5,1,13,10,9,0.1,0,F,F,NA,,
1182,SB-26/07/23-IT,2,5,NA,NA,PAST,3.5,1,4,4,3,0,0,F,F,NA,,
1183,SB-26/07/23-IT,2,5,NA,NA,PAST,3.5,1,2,2,1,0,0,F,F,NA,,
1184,SB-26/07/23-IT,2,5,NA,NA,PAST,3.5,2,7,6,NA,0,0,F,F,NA,,
1185,SB-26/07/23-IT,2,5,NA,NA,PAST,3.5,1,9,7,8,0.05,0,F,F,NA,,
1186,SB-26/07/23-IT,2,5,NA,NA,PAST,3.5,2,13,11,NA,0.05,0,F,F,NA,,
1187,SB-26/07/23-IT,2,5,NA,NA,PAST,3.5,1,10,9,3,0,0,F,F,NA,,
1188,SB-26/07/23-IT,2,5,NA,NA,PAST,3.5,1,5,5,2,0,0,F,F,NA,,
1189,SB-26/07/23-IT,2,5,NA,NA,PAST,3.5,1,13,11,4,0,0,F,F,NA,,
1190,SB-26/07/23-IT,2,5,NA,NA,PAST,3.5,2,4,4,NA,0,0,F,F,NA,,
1191,SB-26/07/23-IT,2,5,NA,NA,PAST,3.5,2,5,5,NA,0,0,F,F,NA,,
1192,SB-26/07/23-IT,2,5,NA,NA,PAST,3.5,1,4,3,2,0,0,F,F,NA,,
1193,SB-26/07/23-IT,2,5,NA,NA,PAST,3.5,2,5,3,NA,0,0,F,F,NA,,
1194,SB-26/07/23-IT,2,5,NA,NA,PAST,3.5,2,1,1,NA,0,0,F,F,NA,,
1195,SB-26/07/23-IT,2,5,NA,NA,PAST,3.5,1,4,3,2,0,0,F,F,NA,,
1196,SB-26/07/23-IT,2,5,NA,NA,PAST,3.5,1,3,3,2,0.05,0,F,F,NA,,
1197,SB-26/07/23-IT,2,5,NA,NA,PAST,3.5,2,7,5,NA,0,0,F,F,NA,,
1198,SB-26/07/23-IT,2,5,NA,NA,PAST,3.5,2,4,3,NA,0,0,F,F,NA,,
1199,SB-26/07/23-IT,2,5,NA,NA,PAST,3.5,2,6,4,NA,0,0,F,F,NA,,
1200,SB-26/07/23-IT,2,7,NA,NA,PCLI,4,1,9,7,4,0,0,F,F,NA,,
1201,SB-26/07/23-IT,2,7,NA,NA,DLAB,4,1,47,30,15,0.75,0,F,F,NA,,
1202,SB-26/07/23-IT,2,7,NA,NA,MMEA,4,2,2,2,NA,0,0,F,F,NA,,
1203,SB-26/07/23-IT,2,7,NA,NA,PSTR,4,1,23,24,20,0.95,0.1,T,F,NA,,
1204,SB-26/07/23-IT,2,7,NA,NA,PCLI,4,2,2,2,NA,0,0,F,F,NA,,
1205,SB-26/07/23-IT,2,7,NA,NA,SSID,4,1,5,5,3,0.9,0,F,PB,NA,,
1206,SB-26/07/23-IT,2,7,NA,NA,PCLI,4,1,2,2,1,0,0,F,F,NA,,
1207,SB-26/07/23-IT,2,7,NA,NA,CNAT,4,1,14,12,7,0,0,F,F,Pic.1 Confirm ID ,,
1208,SB-26/07/23-IT,2,7,NA,NA,PSTR,4,1,18,23,15,0,0,F,F,Pic.1 Confirm ID ,,
1209,SB-26/07/23-IT,2,7,NA,NA,OFRA,4,1,19,21,13,0.6,0,F,PB,NA,,
1210,SB-26/07/23-IT,2,7,NA,NA,PCLI,3.8,1,32,28,14,0,0,F,F,NA,,
1211,SB-26/07/23-IT,2,7,NA,NA,PSTR,3.6,1,17,18,14,0.2,0,F,PB,NA,,
1212,SB-26/07/23-IT,2,7,NA,NA,PSTR,3.6,1,24,21,22,0,0,F,F,NA,,
1213,SB-26/07/23-IT,2,7,NA,NA,PCLI,3.7,1,28,22,19,0.6,0,F,F,NA,,
1214,SB-26/07/23-IT,2,7,NA,NA,PCLI,3.5,1,17,15,5,0,0,F,PB,NA,,
1215,SB-26/07/23-IT,2,7,NA,NA,MMEA,3.5,1,3,3,2,0,0,F,F,NA,,
1216,SB-26/07/23-IT,2,7,NA,NA,PSTR,3.5,2,3,3,NA,0,0,F,F,NA,,
1217,SB-26/07/23-IT,2,7,NA,NA,PSTR,3.5,2,2,1,NA,0,0,F,F,NA,,
1218,SB-26/07/23-IT,2,7,NA,NA,PCLI,3.5,1,13,9,2,0,0,F,F,NA,,
1219,SB-26/07/23-IT,2,7,NA,NA,CNAT,3.5,1,27,22,22,0,0,F,F,NA,,
1220,SB-26/07/23-IT,2,7,NA,NA,PCLI,3.5,1,13,11,4,0,0,F,PB,,,
1221,SB-26/07/23-IT,2,7,NA,NA,MMEA,3.5,1,4,4,3,0,0,F,F,NA,,
1222,SB-26/07/23-IT,2,7,NA,NA,MMEA,3.5,1,5,4,1,0,0,F,F,NA,,
1223,SB-26/07/23-IT,2,7,NA,NA,CNAT,3.5,1,14,17,16,0.05,0,F,F,Pic.1 (same as light) Confirm ID. Maybe PSTR,,
1224,SB-26/07/23-IT,2,7,NA,NA,PSTR,3.5,1,5,5,3,0,0,F,F,NA,,
1225,SB-26/07/23-IT,2,7,NA,NA,MMEA,3.5,2,2,2,NA,0,0,F,F,NA,,
1226,SB-26/07/23-IT,2,7,NA,NA,MMEA,3.6,2,2,1,NA,0,0,F,F,NA,,
1227,SB-26/07/23-IT,2,7,NA,NA,PCLI,3.6,1,8,10,3,0,0,F,P,NA,,
1228,SB-26/07/23-IT,2,7,NA,NA,PSTR,3.6,1,21,22,23,0,0,F,F,NA,,
1229,SB-26/07/23-IT,2,7,NA,NA,CNAT,3.6,1,9,9,4,0.05,0,F,F,NA,,
1230,SB-26/07/23-IT,2,7,NA,NA,PCLI,3.7,1,16,16,3,0,0,F,P,NA,,
1231,SB-26/07/23-IT,2,7,NA,NA,PSTR,3.7,1,23,23,27,0.05,0.02,T,F,NA,,
1232,SB-26/07/23-IT,2,7,NA,NA,PCLI,3.7,1,18,15,9,0.02,0,F,F,NA,,
1233,SB-26/07/23-IT,2,7,NA,NA,PSTR,3.7,1,18,19,15,0.1,0,F,PB,NA,,
1234,SB-26/07/23-IT,2,7,NA,NA,PSTR,3.7,1,28,23,22,0.05,0,F,F,NA,,
1235,SB-26/07/23-PM,2,7,NA,NA,DLAB,4.3,1,30,25,7,0.8,0.1,T,F,NA,,
1236,SB-26/07/23-PM,2,7,NA,NA,PSTR,4.3,2,3,2,NA,0,0,F,P ,NA,,
1237,SB-26/07/23-PM,2,7,NA,NA,CNAT,4,1,17,15,14,0,0,F,F,NA,,
1238,SB-26/07/23-PM,2,7,NA,NA,PSTR,4.3,1,6,7,3,0,0,F,F,NA,,
1239,SB-26/07/23-PM,2,7,NA,NA,CNAT,4,1,15,13,14,0,0,F,F,Predation (parrotfish),,
1240,SB-26/07/23-PM,2,7,NA,NA,DSTO,4,1,4,4,3,0.1,0,F,PB,NA,,
1241,SB-26/07/23-PM,2,7,NA,NA,PSTR,4,1,6,5,10,0,0,F,F,NA,,
1242,SB-26/07/23-PM,2,7,NA,NA,PSTR,4,1,23,15,15,0,0,F,P ,NA,,
1243,SB-26/07/23-PM,2,7,NA,NA,PCLI,4,1,27,21,7,0,0,F,F,NA,,
1244,SB-26/07/23-PM,2,6,NA,NA,PCLI,4,1,32,19,16,0,0,F,F,NA,,
1245,SB-26/07/23-PM,2,6,NA,NA,SSID,4,1,10,9,2,0.6,0,F,PB,NA,,
1246,SB-26/07/23-PM,2,6,NA,NA,PCLI,4.6,2,6,4,NA,0,0,F,F,NA,,
1247,SB-26/07/23-PM,2,6,NA,NA,SSID,4.3,1,33,23,24,0,0,F,F,NA,,
1248,SB-26/07/23-PM,2,6,NA,NA,PSTR,4.3,2,8,4,NA,0.1,0.1,T,F,NA,,
1249,SB-26/07/23-PM,2,6,NA,NA,CNAT,4.3,1,4,5,6,0.1,0.1,T,F,NA,,
1250,SB-26/07/23-PM,2,6,NA,NA,SSID,4.3,1,9,10,3,0,0,F,F,NA,,
1251,SB-26/07/23-PM,2,6,NA,NA,PCLI,4.3,2,16,17,NA,0,0,F,F,NA,,
1252,SB-26/07/23-PM,2,6,NA,NA,PCLI,4.3,1,39,36,24,0,0,F,F,NA,,
1253,SB-26/07/23-PM,2,6,NA,NA,PCLI,4.3,2,18,16,NA,0,0,F,F,NA,,
1254,SB-26/07/23-PM,2,6,NA,NA,PCLI,4.3,2,8,6,NA,0,0,F,F,NA,,
1255,SB-26/07/23-PM,2,6,NA,NA,SSID,4.3,2,7,6,NA,0,0,F,F,NA,,
1256,SB-26/07/23-PM,2,6,NA,NA,PCLI,4.3,2,17,15,NA,0.1,0.1,T,F,NA,,
1257,SB-26/07/23-PM,2,6,NA,NA,PCLI,4.3,2,16,11,NA,1,0.2,T,F,NA,,
1258,SB-26/07/23-PM,2,6,NA,NA,PSTR,4.3,1,10,11,8,0,0,F,F,NA,,
1259,SB-26/07/23-PM,2,6,NA,NA,PSTR,4.3,1,20,8,11,0,0,F,F,NA,,
1260,SB-26/07/23-PM,2,6,NA,NA,PSTR,4.3,2,9,4,NA,0,0,F,F,NA,,
1261,SB-26/07/23-PM,2,6,NA,NA,PCLI,4.3,1,10,7,11,0.4,0,F,PB,NA,,
1262,SB-26/07/23-PM,2,6,NA,NA,PCLI,4.3,2,14,10,NA,0,0,F,F,NA,,
1263,SB-26/07/23-PM,2,6,NA,NA,PCLI,4.3,2,8,7,NA,0,0,F,F,NA,,
1264,SB-26/07/23-PM,2,6,NA,NA,PCLI,4.3,2,6,5,NA,0,0,F,F,NA,,
1265,SB-26/07/23-PM,2,6,NA,NA,PCLI,4.3,2,17,7,NA,0,0,F,F,NA,,
1266,SB-26/07/23-PM,2,6,NA,NA,PAST,4,2,1,1,NA,0,0,F,F,NA,,
1267,SB-26/07/23-PM,2,6,NA,NA,PAST,4,2,4,2,NA,0,0,F,F,NA,,
1268,SB-26/07/23-PM,2,6,NA,NA,PAST,4,2,5,7,NA,0,0,F,F,NA,,
1269,SB-26/07/23-PM,2,6,NA,NA,PAST,4,2,5,5,NA,0,0,F,F,NA,,
1270,SB-26/07/23-PM,2,6,NA,NA,PAST,4,1,14,11,5,0,0,F,F,NA,,
1271,SB-26/07/23-PM,2,6,NA,NA,PAST,4,2,7,7,NA,0,0,F,F,NA,,
1272,SB-26/07/23-PM,2,6,NA,NA,PAST,4,2,6,6,NA,0,0,F,F,NA,,
1273,SB-26/07/23-PM,2,6,NA,NA,PAST,4,1,9,14,6,0,0,F,F,NA,,
1274,SB-26/07/23-PM,2,6,NA,NA,PAST,4,2,2,2,NA,0,0,F,F,NA,,
1275,SB-26/07/23-PM,2,6,NA,NA,PAST,4,2,4,4,NA,0,0,F,F,NA,,
1276,SB-26/07/23-PM,2,6,NA,NA,PAST,4,1,7,9,9,0,0,F,F,NA,,
1277,SB-26/07/23-PM,2,6,NA,NA,PAST,4,1,6,6,6,0,0,F,F,NA,,
1278,SB-26/07/23-PM,2,6,NA,NA,PAST,4,1,9,6,8,0,0,F,F,NA,,
1279,SB-26/07/23-PM,2,6,NA,NA,PAST,4,1,4,4,3,0.1,0.1,T,F,NA,,
1280,SB-26/07/23-PM,2,6,NA,NA,PAST,4,1,8,6,1,0,0,F,F,NA,,
1281,SB-26/07/23-PM,2,6,NA,NA,PAST,4,1,4,4,2,0,0,F,F,NA,,
1282,SB-26/07/23-PM,2,6,NA,NA,PAST,4,2,14,10,NA,0,0,F,F,NA,,
1283,SB-26/07/23-PM,2,6,NA,NA,PAST,4,2,8,5,NA,0,0,F,F,NA,,
1284,SB-26/07/23-PM,2,6,NA,NA,PAST,4,2,6,6,NA,0,0,F,F,NA,,
1285,SB-26/07/23-PM,2,6,NA,NA,PAST,4,2,24,13,NA,0.2,2,T,F,NA,,
1286,SB-26/07/23-PM,2,6,NA,NA,PAST,4,2,7,6,NA,0,0,F,F,NA,,
1287,SB-26/07/23-PM,2,6,NA,NA,PAST,4,1,15,14,7,0,0,F,F,NA,,
1288,SB-26/07/23-PM,2,6,NA,NA,PAST,4,2,6,5,NA,0,0,F,F,NA,,
1289,SB-26/07/23-PM,2,6,NA,NA,PAST,4,1,10,9,2,0.1,0.1,T,F,NA,,
1290,SB-26/07/23-PM,2,6,NA,NA,PAST,4,1,16,14,6,0,0,F,F,NA,,
1291,SB-26/07/23-PM,2,6,NA,NA,PAST,4,1,6,4,1,0,0,F,F,NA,,
1292,SB-26/07/23-PM,2,6,NA,NA,PAST,4,2,2,2,NA,0,0,F,F,NA,,
1293,SB-26/07/23-PM,2,6,NA,NA,PAST,4,2,1,1,NA,0,0,F,F,NA,,
1294,SB-26/07/23-PM,2,6,NA,NA,PAST,4,1,14,10,5,0,0,F,F,NA,,
1295,SB-26/07/23-IT,2,6,NA,NA,SSID,2.7,1,5,5,4,0.6,0,F,F,NA,,
1296,SB-26/07/23-IT,2,6,NA,NA,PCLI,2.7,2,4,4,NA,0,0,F,F,NA,,
1297,SB-26/07/23-IT,2,6,NA,NA,PCLI,3.5,2,3,2,NA,0,0,F,F,NA,,
1298,SB-26/07/23-IT,2,6,NA,NA,PCLI,3.5,1,25,23,14,0.4,0,F,P,NA,,
1299,SB-26/07/23-IT,2,6,NA,NA,PSTR,3.5,1,20,20,15,0,0,F,F,NA,,
1300,SB-26/07/23-IT,2,6,NA,NA,CNAT,3.5,1,15,14,8,0.2,0,F,F,NA,,
1301,SB-26/07/23-IT,2,6,NA,NA,CNAT,3.5,1,17,11,9,0.95,0.05,T,F,NA,,
1302,SB-26/07/23-IT,2,6,NA,NA,PCLI,3.5,2,4,3,NA,0,0,F,F,NA,,
1303,SB-26/07/23-IT,2,6,NA,NA,PCLI,3.5,2,4,3,NA,0,0,F,F,NA,,
1304,SB-26/07/23-IT,2,6,NA,NA,PCLI,3.5,2,7,8,NA,0,0,F,F,NA,,
1305,SB-26/07/23-IT,2,6,NA,NA,PCLI,3.5,1,4,8,9,0.05,0,F,P,NA,,
1306,SB-26/07/23-IT,2,6,NA,NA,CNAT,3.5,2,5,3,NA,0,0,F,F,NA,,
1307,SB-26/07/23-IT,2,6,NA,NA,PCLI,3.5,2,5,5,NA,0,0,F,F,NA,,
1308,SB-26/07/23-IT,2,6,NA,NA,PCLI,3.5,2,23,23,NA,0,0,F,PB,NA,,
1309,SB-26/07/23-IT,2,6,NA,NA,PSTR,3.5,1,23,17,15,0.1,0,F,F,NA,,
1310,SB-26/07/23-IT,2,6,NA,NA,PCLI,3.5,1,13,12,13,0,0,F,F,NA,,
1311,SB-26/07/23-IT,2,6,NA,NA,PCLI,3.5,1,21,15,16,0,0,F,P,NA,,
1312,SB-26/07/23-IT,2,6,NA,NA,PCLI,3.6,1,35,24,20,0,0,F,F,NA,,
1313,SB-26/07/23-IT,2,6,NA,NA,PCLI,3.7,1,5,4,4,0.02,0.02,T,F,NA,,
1314,SB-26/07/23-IT,2,6,NA,NA,MMEA,3.7,2,4,12,NA,0,0,F,F,NA,,
1315,SB-26/07/23-IT,2,6,NA,NA,CNAT,3.7,1,10,7,3,0,0,F,F,NA,,
1316,SB-26/07/23-IT,2,6,NA,NA,PCLI,3.4,1,7,7,14,0,0,F,F,NA,,
1317,SB-26/07/23-IT,2,6,NA,NA,PCLI,3.4,1,9,9,9,0,0,F,F,NA,,
1318,SB-26/07/23-IT,2,6,NA,NA,SSID,3.4,2,7,7,NA,0,0,F,F,NA,,
1319,SB-26/07/23-IT,2,6,NA,NA,MMEA,3.6,1,14,14,7,0,0,F,P,NA,,
1320,SB-26/07/23-IT,2,6,NA,NA,PCLI,3.6,1,10,11,4,0,0,F,P,NA,,
1321,SB-26/07/23-IT,2,6,NA,NA,CNAT,3.6,1,21,13,7,0.1,0,F,F,NA,,
1322,SB-26/07/23-IT,2,6,NA,NA,PAST,3.6,2,5,5,NA,0,0,F,F,NA,,
1323,SB-26/07/23-IT,2,6,NA,NA,PAST,3.6,1,8,6,4,0.5,0,F,F,NA,,
1324,SB-26/07/23-IT,2,6,NA,NA,PAST,3.6,2,15,11,NA,0,0,F,F,NA,,
1325,SB-26/07/23-IT,2,6,NA,NA,PAST,3.6,2,7,6,NA,0,0,F,F,NA,,
1326,SB-26/07/23-IT,2,6,NA,NA,PAST,3.6,2,3,2,NA,0,0,F,F,NA,,
1327,SB-26/07/23-IT,2,6,NA,NA,PAST,3.6,2,5,4,NA,0,0,F,F,NA,,
1328,SB-26/07/23-IT,2,6,NA,NA,PAST,3.6,1,16,12,7,0.05,0,F,F,NA,,
1329,SB-26/07/23-IT,2,6,NA,NA,PAST,3.6,2,5,8,NA,0,0,F,F,NA,,
1330,SB-26/07/23-IT,2,6,NA,NA,PAST,3.6,1,11,7,2,0,0,F,F,NA,,
1331,SB-26/07/23-IT,2,6,NA,NA,PAST,3.6,2,2,3,NA,0,0,F,F,NA,,
1332,SB-26/07/23-IT,2,6,NA,NA,PAST,3.6,2,4,4,NA,0,0,F,F,NA,,
1333,SB-26/07/23-IT,2,6,NA,NA,PAST,3.6,1,9,9,3,0,0,F,F,NA,,
1334,SB-26/07/23-IT,2,6,NA,NA,PAST,3.6,1,10,5,3,0,0,F,F,NA,,
1335,SB-26/07/23-IT,2,6,NA,NA,PAST,4.2,1,5,4,4,0,0,F,P,NA,,
1336,SB-26/07/23-IT,2,6,NA,NA,PAST,4.2,2,5,4,NA,0,0,F,F,NA,,
1337,SB-26/07/23-IT,2,6,NA,NA,PAST,4.2,2,2,1,NA,0,0,F,F,NA,,
1338,SB-26/07/23-IT,2,6,NA,NA,PAST,4.2,2,5,5,NA,0,0,F,F,NA,,
1339,SB-26/07/23-IT,2,6,NA,NA,PAST,4.2,2,4,3,NA,0,0,F,F,NA,,
1340,SB-26/07/23-IT,2,6,NA,NA,PAST,3.8,1,9,8,11,0,0,F,F,NA,,
1341,SB-26/07/23-IT,2,6,NA,NA,PAST,3.8,1,5,7,5,0,0,F,F,NA,,
1342,SB-26/07/23-IT,2,6,NA,NA,PAST,3.8,1,11,9,2,0,0,F,F,NA,,
1343,SB-26/07/23-IT,2,6,NA,NA,PSTR,2.7,1,22,15,9,0.8,0.2,T,F,NA,,
1344,SB-26/07/23-IT,2,6,NA,NA,PCLI,2.7,1,32,20,31,0.1,0.05,T,F,NA,,
1345,SB-26/07/23-IT,2,6,NA,NA,PSTR,2.7,1,20,15,12,0.1,0,F,F,NA,,
1346,SB-26/07/23-IT,2,6,NA,NA,PSTR,2.7,1,8,8,7,0,0,F,F,NA,,
1347,SB-26/07/23-IT,2,6,NA,NA,PCLI,2.7,2,14,16,NA,0.9,0,F,F,NA,,
1348,SB-26/07/23-IT,2,6,NA,NA,CNAT,2.7,1,17,14,10,0.1,0,F,F,NA,,
1349,SB-26/07/23-IT,2,6,NA,NA,PCLI,2.7,2,14,14,NA,0,0,F,F,NA,,
1350,SB-26/07/23-IT,2,6,NA,NA,CNAT,2.7,1,23,24,20,0,0,F,F,NA,,
1351,SB-26/07/23-IT,2,6,NA,NA,CNAT,2.7,2,6,5,NA,0,0,F,F,NA,,
1352,SB-26/07/23-IT,2,6,NA,NA,PSTR,2.7,1,11,7,25,0.2,0.2,T,F,NA,,
1353,SB-26/07/23-IT,2,6,NA,NA,PCLI,2.7,1,13,9,3,0,0,F,P,NA,,
1354,SB-26/07/23-IT,2,6,NA,NA,PCLI,2.7,2,9,11,NA,0,0,F,F,NA,,
1355,SB-26/07/23-PM,2,5,NA,NA,PCLI,3.4,1,22,23,13,0,0,F,F,NA,,
1356,SB-26/07/23-PM,2,5,NA,NA,PSTR,3.4,1,18,13,14,0,0,F,F,NA,,
1357,SB-26/07/23-PM,2,5,NA,NA,PSTR,3.4,1,27,21,20,0.4,0.1,F,PB,NA,,
1358,SB-26/07/23-PM,2,5,NA,NA,PCLI,3.4,2,6,5,NA,0,0,F,F,NA,,
1359,SB-26/07/23-PM,2,5,NA,NA,PCLI,3.4,1,30,27,15,0.1,0.1,T,F,NA,,
1360,SB-26/07/23-PM,2,5,NA,NA,CNAT,3.4,2,15,8,NA,0.05,0.05,T,F,NA,,
1361,SB-26/07/23-PM,2,5,NA,NA,PCLI,3.4,2,13,13,NA,0.1,0.1,T,F,NA,,
1362,SB-26/07/23-PM,2,5,NA,NA,PCLI,3.4,2,9,5,NA,0,0,F,P ,NA,,
1363,SB-26/07/23-PM,2,5,NA,NA,PCLI,3.4,1,32,19,15,0.2,0.2,T,F,NA,,
1364,SB-26/07/23-PM,2,5,NA,NA,PSTR,4,1,24,14,18,0.2,0.2,T,F,NA,,
1365,SB-26/07/23-PM,2,5,NA,NA,CNAT,4,1,15,17,20,0,0,F,F,NA,,
1366,SB-26/07/23-PM,2,5,NA,NA,PCLI,4,2,18,17,NA,0,0,F,F,NA,,
1367,SB-26/07/23-PM,2,5,NA,NA,PSTR,4,1,23,22,13,1,0.1,T,F,NA,,
1368,SB-26/07/23-PM,2,5,NA,NA,PCLI,4,2,27,16,NA,0,0,F,F,NA,,
1369,SB-26/07/23-PM,2,5,NA,NA,CNAT,4,1,6,5,2,0,0,F,F,NA,,
1370,SB-26/07/23-PM,2,5,NA,NA,PSTR,4,1,29,29,21,0,0,F,F,NA,,
1371,SB-26/07/23-PM,2,5,NA,NA,CNAT,4,1,8,6,3,0,0,F,F,NA,,
1372,SB-26/07/23-PM,2,5,NA,NA,CNAT,4,1,25,16,21,0.6,0,F,PB,NA,,
1373,SB-26/07/23-PM,2,5,NA,NA,CNAT,4,1,18,12,20,0.1,0.1,T,F,NA,,
1374,SB-26/07/23-PM,2,5,NA,NA,PCLI,4,1,6,9,15,0,0,F,P,NA,,
1375,SB-26/07/23-PM,2,5,NA,NA,PCLI,4,2,10,8,NA,0,0,F,F,NA,,
1376,SB-26/07/23-PM,2,5,NA,NA,MMEA,3,1,10,10,6,0.3,0.3,T,F,NA,,
1377,SB-26/07/23-PM,2,5,NA,NA,PCLI,3.7,2,9,8,NA,0,0,F,F,NA,,
1378,SB-26/07/23-PM,2,5,NA,NA,PCLI,3.7,2,17,20,NA,0,0,F,F,NA,,
1379,SB-26/07/23-PM,2,5,NA,NA,PSTR,3.7,1,25,17,20,0.6,0.3,T,F,Predation (parrotfish),,
1380,SB-26/07/23-PM,2,5,NA,NA,PSTR,3,1,9,6,14,0.1,0.1,T,F,NA,,
1381,SB-26/07/23-PM,2,5,NA,NA,PCLI,3,2,18,11,NA,0,0,F,F,NA,,
1382,SB-26/07/23-PM,2,5,NA,NA,MMEA,3,1,6,4,7,0.1,0.1,T,F,NA,,
1383,SB-26/07/23-PM,2,5,NA,NA,PSTR,3.4,2,4,3,NA,0,0,F,F,NA,,
1384,SB-26/07/23-PM,2,5,NA,NA,MMEA,3.4,1,6,5,5,0.25,0.05,T,F,NA,,
1385,SB-26/07/23-PM,2,5,NA,NA,PSTR,3.4,1,8,5,4,0,0,F,P,NA,,
1386,SB-26/07/23-PM,2,5,NA,NA,PCLI,3.4,2,7,5,NA,0,0,F,F,NA,,
1387,SB-26/07/23-PM,2,5,NA,NA,MMEA,3.4,1,7,6,4,0.2,0.2,T,F,NA,,
1388,SB-26/07/23-PM,2,5,NA,NA,PCLI,3.4,2,6,5,NA,0,0,F,F,NA,,
1389,SB-26/07/23-PM,2,5,NA,NA,PCLI,3.4,2,24,31,NA,0,0,F,F,NA,,
1390,SB-26/07/23-PM,2,5,NA,NA,CNAT,3.4,1,26,15,16,0,0,F,F,NA,,
1391,SB-26/07/23-PM,2,5,NA,NA,PSTR,3.4,1,24,20,16,0.1,0.1,T,F,Predation (parrotfish),,
1392,SB-26/07/23-PM,2,5,NA,NA,PAST,3.4,1,11,13,2,0,0,F,F,NA,,
1393,SB-26/07/23-PM,2,5,NA,NA,PAST,3.4,1,8,6,9,0,0,F,F,NA,,
1394,SB-26/07/23-PM,2,5,NA,NA,PAST,3.4,2,16,8,NA,0,0,F,F,NA,,
1395,SB-26/07/23-PM,2,5,NA,NA,PAST,3.4,1,5,5,5,0,0,F,F,NA,,
1396,SB-26/07/23-PM,2,5,NA,NA,PAST,3.4,2,19,15,NA,0,0,F,F,NA,,
